machine_id,variation,iteration,n_threads,n_hidden_layers,nodes_per_layer,n_epochs,n_samples,sample_size,n_classes,total_runtime,iterations_runtime,fwd_pass_runtime,bck_pass_out_runtime,bck_pass_hidden_runtime,updates_runtime
macbook,OMP_CPU2,0,2,1,20,500,500,50,10,0.431334,0.431323,0.000003,0.000001,0.000002,0.000002
macbook,OMP_CPU2,1,2,1,20,500,500,50,10,0.425696,0.425690,0.000002,0.000001,0.000002,0.000002
macbook,OMP_CPU2,2,2,1,20,500,500,50,10,0.427321,0.427314,0.000003,0.000000,0.000002,0.000002
macbook,OMP_CPU2,3,2,1,20,500,500,50,10,0.428869,0.428859,0.000003,0.000000,0.000002,0.000002
macbook,OMP_CPU2,4,2,1,20,500,500,50,10,0.427146,0.427135,0.000002,0.000001,0.000002,0.000001
macbook,OMP_CPU2,0,2,0,20,500,500,50,10,0.168257,0.168250,0.000001,0.000001,0.000000,0.000001
macbook,OMP_CPU2,1,2,0,20,500,500,50,10,0.162634,0.162629,0.000001,0.000001,0.000000,0.000001
macbook,OMP_CPU2,2,2,0,20,500,500,50,10,0.164414,0.164409,0.000001,0.000001,0.000000,0.000001
macbook,OMP_CPU2,3,2,0,20,500,500,50,10,0.167763,0.167756,0.000001,0.000000,0.000000,0.000002
macbook,OMP_CPU2,4,2,0,20,500,500,50,10,0.161606,0.161602,0.000001,0.000001,0.000000,0.000002
macbook,OMP_CPU2,0,2,2,20,500,500,50,10,0.619771,0.619763,0.000004,0.000000,0.000003,0.000003
macbook,OMP_CPU2,1,2,2,20,500,500,50,10,0.623518,0.623503,0.000004,0.000000,0.000003,0.000003
macbook,OMP_CPU2,2,2,2,20,500,500,50,10,0.623618,0.623610,0.000003,0.000000,0.000003,0.000002
macbook,OMP_CPU2,3,2,2,20,500,500,50,10,0.621031,0.621024,0.000003,0.000001,0.000003,0.000003
macbook,OMP_CPU2,4,2,2,20,500,500,50,10,0.621841,0.621829,0.000003,0.000001,0.000003,0.000003
macbook,OMP_CPU2,0,2,5,20,500,500,50,10,1.229592,1.229576,0.000006,0.000000,0.000006,0.000003
macbook,OMP_CPU2,1,2,5,20,500,500,50,10,1.224522,1.224511,0.000006,0.000001,0.000005,0.000003
macbook,OMP_CPU2,2,2,5,20,500,500,50,10,1.241137,1.241127,0.000006,0.000000,0.000005,0.000004
macbook,OMP_CPU2,3,2,5,20,500,500,50,10,1.228489,1.228479,0.000006,0.000000,0.000006,0.000004
macbook,OMP_CPU2,4,2,5,20,500,500,50,10,1.238062,1.238046,0.000006,0.000001,0.000006,0.000004
macbook,OMP_CPU2,0,2,10,20,500,500,50,10,2.208089,2.208070,0.000010,0.000001,0.000010,0.000004
macbook,OMP_CPU2,1,2,10,20,500,500,50,10,2.197391,2.197365,0.000010,0.000001,0.000010,0.000004
macbook,OMP_CPU2,2,2,10,20,500,500,50,10,2.201228,2.201209,0.000010,0.000000,0.000010,0.000004
macbook,OMP_CPU2,3,2,10,20,500,500,50,10,2.195929,2.195912,0.000010,0.000001,0.000010,0.000004
macbook,OMP_CPU2,4,2,10,20,500,500,50,10,2.203754,2.203724,0.000010,0.000000,0.000011,0.000005
macbook,OMP_CPU2,0,2,25,20,500,500,50,10,5.117024,5.116981,0.000023,0.000001,0.000024,0.000009
macbook,OMP_CPU2,1,2,25,20,500,500,50,10,5.106131,5.106090,0.000023,0.000001,0.000025,0.000009
macbook,OMP_CPU2,2,2,25,20,500,500,50,10,5.114126,5.114066,0.000023,0.000001,0.000025,0.000009
macbook,OMP_CPU2,3,2,25,20,500,500,50,10,5.496710,5.496625,0.000024,0.000000,0.000027,0.000009
macbook,OMP_CPU2,4,2,25,20,500,500,50,10,6.343650,6.343601,0.000030,0.000001,0.000032,0.000011
macbook,OMP_CPU2,0,2,50,20,500,500,50,10,11.345167,11.345030,0.000052,0.000001,0.000055,0.000019
macbook,OMP_CPU2,1,2,50,20,500,500,50,10,11.214690,11.214553,0.000046,0.000000,0.000049,0.000016
macbook,OMP_CPU2,2,2,50,20,500,500,50,10,11.975074,11.974902,0.000053,0.000001,0.000054,0.000019
macbook,OMP_CPU2,3,2,50,20,500,500,50,10,12.158074,12.157891,0.000052,0.000001,0.000055,0.000018
macbook,OMP_CPU2,4,2,50,20,500,500,50,10,12.166546,12.166414,0.000052,0.000001,0.000055,0.000019
macbook,OMP_CPU2,0,4,1,20,500,500,50,10,0.643072,0.643065,0.000004,0.000003,0.000002,0.000002
macbook,OMP_CPU2,1,4,1,20,500,500,50,10,0.690396,0.690387,0.000004,0.000003,0.000003,0.000003
macbook,OMP_CPU2,2,4,1,20,500,500,50,10,0.620069,0.620060,0.000005,0.000005,0.000003,0.000003
macbook,OMP_CPU2,3,4,1,20,500,500,50,10,0.615964,0.615956,0.000004,0.000001,0.000004,0.000003
macbook,OMP_CPU2,4,4,1,20,500,500,50,10,0.546028,0.546020,0.000003,0.000004,0.000002,0.000002
macbook,OMP_CPU2,0,4,0,20,500,500,50,10,0.241463,0.241457,0.000001,0.000004,0.000000,0.000001
macbook,OMP_CPU2,1,4,0,20,500,500,50,10,0.243728,0.243723,0.000001,0.000005,0.000000,0.000002
macbook,OMP_CPU2,2,4,0,20,500,500,50,10,0.269509,0.269504,0.000002,0.000003,0.000000,0.000001
macbook,OMP_CPU2,3,4,0,20,500,500,50,10,0.272657,0.272652,0.000002,0.000003,0.000000,0.000002
macbook,OMP_CPU2,4,4,0,20,500,500,50,10,0.273777,0.273772,0.000001,0.000005,0.000000,0.000002
macbook,OMP_CPU2,0,4,2,20,500,500,50,10,0.825165,0.825153,0.000005,0.000007,0.000004,0.000002
macbook,OMP_CPU2,1,4,2,20,500,500,50,10,0.835270,0.835258,0.000005,0.000007,0.000005,0.000003
macbook,OMP_CPU2,2,4,2,20,500,500,50,10,0.844511,0.844501,0.000006,0.000001,0.000012,0.000003
macbook,OMP_CPU2,3,4,2,20,500,500,50,10,0.880662,0.880650,0.000005,0.000005,0.000003,0.000002
macbook,OMP_CPU2,4,4,2,20,500,500,50,10,1.049329,1.049314,0.000007,0.000001,0.000016,0.000003
macbook,OMP_CPU2,0,4,5,20,500,500,50,10,1.589885,1.589869,0.000010,0.000013,0.000022,0.000003
macbook,OMP_CPU2,1,4,5,20,500,500,50,10,1.605466,1.605452,0.000011,0.000011,0.000014,0.000005
macbook,OMP_CPU2,2,4,5,20,500,500,50,10,1.604444,1.604428,0.000012,0.000007,0.000009,0.000004
macbook,OMP_CPU2,3,4,5,20,500,500,50,10,1.565404,1.565389,0.000010,0.000010,0.000011,0.000004
macbook,OMP_CPU2,4,4,5,20,500,500,50,10,1.559456,1.559439,0.000010,0.000001,0.000022,0.000004
macbook,OMP_CPU2,0,4,10,20,500,500,50,10,2.803044,2.803014,0.000016,0.000004,0.000030,0.000005
macbook,OMP_CPU2,1,4,10,20,500,500,50,10,2.718964,2.718935,0.000020,0.000021,0.000023,0.000005
macbook,OMP_CPU2,2,4,10,20,500,500,50,10,2.898575,2.898547,0.000017,0.000001,0.000039,0.000004
macbook,OMP_CPU2,3,4,10,20,500,500,50,10,2.518113,2.518084,0.000017,0.000001,0.000036,0.000005
macbook,OMP_CPU2,4,4,10,20,500,500,50,10,2.610738,2.610711,0.000017,0.000001,0.000034,0.000004
macbook,OMP_CPU2,0,4,25,20,500,500,50,10,6.413917,6.413860,0.000040,0.000021,0.000056,0.000009
macbook,OMP_CPU2,1,4,25,20,500,500,50,10,6.272077,6.272016,0.000039,0.000002,0.000082,0.000009
macbook,OMP_CPU2,2,4,25,20,500,500,50,10,6.074017,6.073959,0.000039,0.000001,0.000079,0.000008
macbook,OMP_CPU2,3,4,25,20,500,500,50,10,5.882858,5.882794,0.000039,0.000001,0.000089,0.000010
macbook,OMP_CPU2,4,4,25,20,500,500,50,10,5.860084,5.860023,0.000040,0.000004,0.000076,0.000008
macbook,OMP_CPU2,0,4,50,20,500,500,50,10,11.979736,11.979627,0.000075,0.000001,0.000162,0.000019
macbook,OMP_CPU2,1,4,50,20,500,500,50,10,11.680908,11.680811,0.000078,0.000001,0.000117,0.000015
macbook,OMP_CPU2,2,4,50,20,500,500,50,10,10.860304,10.860188,0.000065,0.000001,0.000138,0.000015
macbook,OMP_CPU2,3,4,50,20,500,500,50,10,10.997604,10.997496,0.000077,0.000006,0.000104,0.000015
macbook,OMP_CPU2,4,4,50,20,500,500,50,10,10.765251,10.765137,0.000081,0.000021,0.000133,0.000016
macbook,OMP_CPU2,0,8,1,20,500,500,50,10,0.776644,0.776636,0.000002,0.000001,0.000024,0.000018
macbook,OMP_CPU2,1,8,1,20,500,500,50,10,0.868769,0.868760,0.000003,0.000001,0.000006,0.000016
macbook,OMP_CPU2,2,8,1,20,500,500,50,10,0.792740,0.792730,0.000003,0.000001,0.000004,0.000011
macbook,OMP_CPU2,3,8,1,20,500,500,50,10,0.831576,0.831567,0.000003,0.000001,0.000002,0.000025
macbook,OMP_CPU2,4,8,1,20,500,500,50,10,0.832547,0.832537,0.000004,0.000000,0.000006,0.000013
macbook,OMP_CPU2,0,8,0,20,500,500,50,10,0.299868,0.299860,0.000002,0.000001,0.000000,0.000016
macbook,OMP_CPU2,1,8,0,20,500,500,50,10,0.298397,0.298391,0.000001,0.000002,0.000000,0.000012
macbook,OMP_CPU2,2,8,0,20,500,500,50,10,0.322275,0.322269,0.000001,0.000005,0.000000,0.000015
macbook,OMP_CPU2,3,8,0,20,500,500,50,10,0.338195,0.338188,0.000001,0.000005,0.000000,0.000014
macbook,OMP_CPU2,4,8,0,20,500,500,50,10,0.315969,0.315961,0.000000,0.000001,0.000000,0.000013
macbook,OMP_CPU2,0,8,2,20,500,500,50,10,1.014207,1.014194,0.000005,0.000001,0.000007,0.000014
macbook,OMP_CPU2,1,8,2,20,500,500,50,10,1.122929,1.122917,0.000005,0.000005,0.000026,0.000024
macbook,OMP_CPU2,2,8,2,20,500,500,50,10,1.007639,1.007627,0.000005,0.000001,0.000005,0.000013
macbook,OMP_CPU2,3,8,2,20,500,500,50,10,1.128756,1.128742,0.000004,0.000001,0.000025,0.000013
macbook,OMP_CPU2,4,8,2,20,500,500,50,10,1.021551,1.021539,0.000003,0.000001,0.000008,0.000011
macbook,OMP_CPU2,0,8,5,20,500,500,50,10,1.779404,1.779386,0.000008,0.000029,0.000045,0.000015
macbook,OMP_CPU2,1,8,5,20,500,500,50,10,1.906929,1.906911,0.000008,0.000000,0.000040,0.000017
macbook,OMP_CPU2,2,8,5,20,500,500,50,10,1.774143,1.774120,0.000006,0.000000,0.000013,0.000021
macbook,OMP_CPU2,3,8,5,20,500,500,50,10,1.770667,1.770648,0.000007,0.000001,0.000091,0.000013
macbook,OMP_CPU2,4,8,5,20,500,500,50,10,1.770659,1.770640,0.000007,0.000001,0.000044,0.000019
macbook,OMP_CPU2,0,8,10,20,500,500,50,10,3.038777,3.038739,0.000015,0.000001,0.000022,0.000022
macbook,OMP_CPU2,1,8,10,20,500,500,50,10,2.989647,2.989614,0.000014,0.000002,0.000031,0.000012
macbook,OMP_CPU2,2,8,10,20,500,500,50,10,2.913634,2.913606,0.000016,0.000001,0.000025,0.000016
macbook,OMP_CPU2,3,8,10,20,500,500,50,10,3.001566,3.001534,0.000014,0.000000,0.000020,0.000015
macbook,OMP_CPU2,4,8,10,20,500,500,50,10,2.901620,2.901592,0.000016,0.000008,0.000052,0.000019
macbook,OMP_CPU2,0,8,25,20,500,500,50,10,6.423797,6.423719,0.000032,0.000001,0.000078,0.000021
macbook,OMP_CPU2,1,8,25,20,500,500,50,10,6.446699,6.446630,0.000022,0.000000,0.000021,0.000018
macbook,OMP_CPU2,2,8,25,20,500,500,50,10,6.393198,6.393123,0.000038,0.000000,0.000051,0.000029
macbook,OMP_CPU2,3,8,25,20,500,500,50,10,6.360887,6.360823,0.000038,0.000003,0.000056,0.000017
macbook,OMP_CPU2,4,8,25,20,500,500,50,10,6.406555,6.406489,0.000023,0.000001,0.000022,0.000044
macbook,OMP_CPU2,0,8,50,20,500,500,50,10,12.066847,12.066708,0.000074,0.000001,0.000143,0.000024
macbook,OMP_CPU2,1,8,50,20,500,500,50,10,12.110476,12.110341,0.000071,0.000111,0.000332,0.000030
macbook,OMP_CPU2,2,8,50,20,500,500,50,10,12.046591,12.046459,0.000071,0.000001,0.000115,0.000019
macbook,OMP_CPU2,3,8,50,20,500,500,50,10,12.080057,12.079918,0.000074,0.000002,0.000308,0.000047
macbook,OMP_CPU2,4,8,50,20,500,500,50,10,11.855675,11.855553,0.000074,0.000000,0.000133,0.000025
macbook,OMP_CPU2,0,16,1,20,500,500,50,10,0.890654,0.890643,0.000003,0.000017,0.000007,0.000032
macbook,OMP_CPU2,1,16,1,20,500,500,50,10,0.787477,0.787467,0.000003,0.000000,0.000005,0.000027
macbook,OMP_CPU2,2,16,1,20,500,500,50,10,0.892248,0.892237,0.000003,0.000001,0.000019,0.000030
macbook,OMP_CPU2,3,16,1,20,500,500,50,10,0.819117,0.819105,0.000003,0.000016,0.000006,0.000029
macbook,OMP_CPU2,4,16,1,20,500,500,50,10,0.778390,0.778379,0.000002,0.000008,0.000035,0.000027
macbook,OMP_CPU2,0,16,0,20,500,500,50,10,0.311434,0.311427,0.000001,0.000001,0.000000,0.000029
macbook,OMP_CPU2,1,16,0,20,500,500,50,10,0.315889,0.315881,0.000001,0.000001,0.000000,0.000029
macbook,OMP_CPU2,2,16,0,20,500,500,50,10,0.315396,0.315388,0.000001,0.000001,0.000000,0.000030
macbook,OMP_CPU2,3,16,0,20,500,500,50,10,0.313318,0.313310,0.000001,0.000001,0.000000,0.000025
macbook,OMP_CPU2,4,16,0,20,500,500,50,10,0.314670,0.314661,0.000002,0.000001,0.000001,0.000036
macbook,OMP_CPU2,0,16,2,20,500,500,50,10,0.984293,0.984280,0.000004,0.000001,0.000006,0.000037
macbook,OMP_CPU2,1,16,2,20,500,500,50,10,0.987059,0.987044,0.000004,0.000004,0.000009,0.000030
macbook,OMP_CPU2,2,16,2,20,500,500,50,10,0.983119,0.983105,0.000004,0.000010,0.000006,0.000024
macbook,OMP_CPU2,3,16,2,20,500,500,50,10,0.988679,0.988665,0.000005,0.000234,0.000007,0.000034
macbook,OMP_CPU2,4,16,2,20,500,500,50,10,0.985027,0.985013,0.000004,0.000002,0.000006,0.000024
macbook,OMP_CPU2,0,16,5,20,500,500,50,10,1.658550,1.658528,0.000007,0.000001,0.000103,0.000027
macbook,OMP_CPU2,1,16,5,20,500,500,50,10,1.662138,1.662115,0.000007,0.000007,0.000048,0.000025
macbook,OMP_CPU2,2,16,5,20,500,500,50,10,1.666459,1.666437,0.000006,0.000000,0.000005,0.000033
macbook,OMP_CPU2,3,16,5,20,500,500,50,10,1.663553,1.663530,0.000008,0.000003,0.000030,0.000032
macbook,OMP_CPU2,4,16,5,20,500,500,50,10,1.656997,1.656974,0.000005,0.000000,0.000004,0.000034
macbook,OMP_CPU2,0,16,10,20,500,500,50,10,2.709544,2.709507,0.000013,0.000003,0.000145,0.000027
macbook,OMP_CPU2,1,16,10,20,500,500,50,10,2.775567,2.775528,0.000014,0.000003,0.000036,0.000037
macbook,OMP_CPU2,2,16,10,20,500,500,50,10,2.921431,2.921392,0.000013,0.000001,0.000024,0.000032
macbook,OMP_CPU2,3,16,10,20,500,500,50,10,3.100843,3.100794,0.000014,0.000001,0.000120,0.000037
macbook,OMP_CPU2,4,16,10,20,500,500,50,10,2.974133,2.974090,0.000016,0.000001,0.000035,0.000030
macbook,OMP_CPU2,0,16,25,20,500,500,50,10,6.489649,6.489557,0.000037,0.000000,0.000391,0.000034
macbook,OMP_CPU2,1,16,25,20,500,500,50,10,6.499130,6.499037,0.000032,0.000001,0.000081,0.000038
macbook,OMP_CPU2,2,16,25,20,500,500,50,10,6.534229,6.534133,0.000033,0.000001,0.000060,0.000027
macbook,OMP_CPU2,3,16,25,20,500,500,50,10,6.463480,6.463397,0.000037,0.000001,0.000078,0.000030
macbook,OMP_CPU2,4,16,25,20,500,500,50,10,6.229401,6.229316,0.000032,0.000003,0.000383,0.000026
macbook,OMP_CPU2,0,16,50,20,500,500,50,10,11.961367,11.961203,0.000069,0.000011,0.000499,0.000032
macbook,OMP_CPU2,1,16,50,20,500,500,50,10,12.170301,12.170150,0.000071,0.000003,0.000133,0.000048
macbook,OMP_CPU2,2,16,50,20,500,500,50,10,11.752239,11.752059,0.000064,0.000001,0.001104,0.000028
macbook,OMP_CPU2,3,16,50,20,500,500,50,10,11.971315,11.971156,0.000082,0.000116,0.000797,0.000049
macbook,OMP_CPU2,4,16,50,20,500,500,50,10,11.979666,11.979498,0.000065,0.000000,0.000450,0.000038
macbook,OMP_CPU2,0,32,1,20,500,500,50,10,0.897863,0.897847,0.000003,0.000000,0.000019,0.000054
macbook,OMP_CPU2,1,32,1,20,500,500,50,10,0.818484,0.818469,0.000003,0.000001,0.000005,0.000055
macbook,OMP_CPU2,2,32,1,20,500,500,50,10,0.816002,0.815989,0.000003,0.000001,0.000005,0.000054
macbook,OMP_CPU2,3,32,1,20,500,500,50,10,0.811917,0.811904,0.000003,0.000008,0.000003,0.000056
macbook,OMP_CPU2,4,32,1,20,500,500,50,10,0.816739,0.816726,0.000002,0.000005,0.000006,0.000053
macbook,OMP_CPU2,0,32,0,20,500,500,50,10,0.361971,0.361962,0.000001,0.000001,0.000000,0.000052
macbook,OMP_CPU2,1,32,0,20,500,500,50,10,0.355880,0.355871,0.000001,0.000002,0.000000,0.000050
macbook,OMP_CPU2,2,32,0,20,500,500,50,10,0.359672,0.359662,0.000001,0.000005,0.000000,0.000052
macbook,OMP_CPU2,3,32,0,20,500,500,50,10,0.361035,0.361027,0.000001,0.000003,0.000000,0.000051
macbook,OMP_CPU2,4,32,0,20,500,500,50,10,0.357772,0.357764,0.000001,0.000005,0.000000,0.000051
macbook,OMP_CPU2,0,32,2,20,500,500,50,10,1.040376,1.040359,0.000004,0.000001,0.000013,0.000054
macbook,OMP_CPU2,1,32,2,20,500,500,50,10,1.032833,1.032815,0.000004,0.000030,0.000008,0.000052
macbook,OMP_CPU2,2,32,2,20,500,500,50,10,1.029611,1.029594,0.000004,0.000002,0.000031,0.000054
macbook,OMP_CPU2,3,32,2,20,500,500,50,10,1.037294,1.037278,0.000004,0.000002,0.000020,0.000054
macbook,OMP_CPU2,4,32,2,20,500,500,50,10,1.032584,1.032566,0.000003,0.000001,0.000003,0.000054
macbook,OMP_CPU2,0,32,5,20,500,500,50,10,1.744132,1.744101,0.000008,0.000000,0.000021,0.000051
macbook,OMP_CPU2,1,32,5,20,500,500,50,10,1.739205,1.739172,0.000008,0.000001,0.000011,0.000056
macbook,OMP_CPU2,2,32,5,20,500,500,50,10,1.727242,1.727208,0.000007,0.000003,0.000040,0.000051
macbook,OMP_CPU2,3,32,5,20,500,500,50,10,1.722742,1.722705,0.000007,0.000001,0.000020,0.000050
macbook,OMP_CPU2,4,32,5,20,500,500,50,10,1.733494,1.733459,0.000008,0.000002,0.000012,0.000050
macbook,OMP_CPU2,0,32,10,20,500,500,50,10,2.858895,2.858839,0.000014,0.000001,0.000136,0.000066
macbook,OMP_CPU2,1,32,10,20,500,500,50,10,2.964030,2.963971,0.000013,0.000002,0.000051,0.000056
macbook,OMP_CPU2,2,32,10,20,500,500,50,10,3.243191,3.243093,0.000013,0.000039,0.000033,0.000061
macbook,OMP_CPU2,3,32,10,20,500,500,50,10,3.081355,3.081286,0.000016,0.000001,0.000039,0.000060
macbook,OMP_CPU2,4,32,10,20,500,500,50,10,3.123722,3.123659,0.000014,0.000001,0.000341,0.000058
macbook,OMP_CPU2,0,32,25,20,500,500,50,10,6.581220,6.581077,0.000034,0.000000,0.000136,0.000056
macbook,OMP_CPU2,1,32,25,20,500,500,50,10,6.554089,6.553957,0.000037,0.000003,0.000075,0.000066
macbook,OMP_CPU2,2,32,25,20,500,500,50,10,6.434549,6.434405,0.000032,0.000000,0.000652,0.000059
macbook,OMP_CPU2,3,32,25,20,500,500,50,10,6.402108,6.401953,0.000032,0.000002,0.000309,0.000059
macbook,OMP_CPU2,4,32,25,20,500,500,50,10,6.516160,6.516026,0.000037,0.000001,0.000063,0.000071
macbook,OMP_CPU2,0,32,50,20,500,500,50,10,11.937150,11.936896,0.000062,0.000001,0.000222,0.000060
macbook,OMP_CPU2,1,32,50,20,500,500,50,10,11.994597,11.994316,0.000062,0.000002,0.000576,0.000057
macbook,OMP_CPU2,2,32,50,20,500,500,50,10,12.316578,12.316292,0.000072,0.000005,0.000277,0.000074
macbook,OMP_CPU2,3,32,50,20,500,500,50,10,12.064407,12.064125,0.000071,0.000001,0.000806,0.000068
macbook,OMP_CPU2,4,32,50,20,500,500,50,10,11.821487,11.821232,0.000061,0.000001,0.000097,0.000061
macbook,OMP_CPU2,0,2,1,20,500,500,50,10,0.456342,0.456335,0.000003,0.000001,0.000002,0.000003
macbook,OMP_CPU2,1,2,1,20,500,500,50,10,0.433010,0.433003,0.000003,0.000000,0.000002,0.000002
macbook,OMP_CPU2,2,2,1,20,500,500,50,10,0.424701,0.424692,0.000003,0.000000,0.000002,0.000002
macbook,OMP_CPU2,3,2,1,20,500,500,50,10,0.426674,0.426667,0.000003,0.000000,0.000003,0.000002
macbook,OMP_CPU2,4,2,1,20,500,500,50,10,0.436304,0.436297,0.000002,0.000001,0.000002,0.000002
macbook,OMP_CPU2,0,2,1,1,500,500,50,10,0.076370,0.076368,0.000001,0.000000,0.000000,0.000001
macbook,OMP_CPU2,1,2,1,1,500,500,50,10,0.075533,0.075531,0.000001,0.000000,0.000000,0.000000
macbook,OMP_CPU2,2,2,1,1,500,500,50,10,0.074489,0.074486,0.000000,0.000001,0.000000,0.000001
macbook,OMP_CPU2,3,2,1,1,500,500,50,10,0.074256,0.074254,0.000001,0.000000,0.000000,0.000001
macbook,OMP_CPU2,4,2,1,1,500,500,50,10,0.073879,0.073877,0.000000,0.000001,0.000000,0.000000
macbook,OMP_CPU2,0,2,1,50,500,500,50,10,1.029879,1.029868,0.000006,0.000001,0.000005,0.000004
macbook,OMP_CPU2,1,2,1,50,500,500,50,10,1.003340,1.003321,0.000005,0.000001,0.000005,0.000005
macbook,OMP_CPU2,2,2,1,50,500,500,50,10,1.029750,1.029731,0.000005,0.000001,0.000006,0.000004
macbook,OMP_CPU2,3,2,1,50,500,500,50,10,1.035607,1.035596,0.000005,0.000001,0.000006,0.000004
macbook,OMP_CPU2,4,2,1,50,500,500,50,10,1.001521,1.001505,0.000007,0.000001,0.000005,0.000003
macbook,OMP_CPU2,0,2,1,100,500,500,50,10,1.934817,1.934784,0.000010,0.000001,0.000011,0.000008
macbook,OMP_CPU2,1,2,1,100,500,500,50,10,1.911590,1.911568,0.000010,0.000002,0.000010,0.000007
macbook,OMP_CPU2,2,2,1,100,500,500,50,10,1.937079,1.937046,0.000010,0.000002,0.000010,0.000007
macbook,OMP_CPU2,3,2,1,100,500,500,50,10,2.133171,2.133136,0.000013,0.000004,0.000006,0.000007
macbook,OMP_CPU2,4,2,1,100,500,500,50,10,2.084170,2.084143,0.000011,0.000001,0.000010,0.000008
macbook,OMP_CPU2,0,2,1,500,500,500,50,10,10.026734,10.026577,0.000047,0.000008,0.000049,0.000037
macbook,OMP_CPU2,1,2,1,500,500,500,50,10,10.021805,10.021654,0.000055,0.000007,0.000055,0.000042
macbook,OMP_CPU2,2,2,1,500,500,500,50,10,9.660527,9.660371,0.000048,0.000006,0.000049,0.000037
macbook,OMP_CPU2,3,2,1,500,500,500,50,10,10.313539,10.313314,0.000055,0.000008,0.000055,0.000042
macbook,OMP_CPU2,4,2,1,500,500,500,50,10,10.043088,10.042937,0.000054,0.000008,0.000055,0.000043
macbook,OMP_CPU2,0,2,1,1000,500,500,50,10,20.526568,20.526303,0.000109,0.000015,0.000108,0.000081
macbook,OMP_CPU2,1,2,1,1000,500,500,50,10,20.352321,20.352049,0.000094,0.000012,0.000092,0.000069
macbook,OMP_CPU2,2,2,1,1000,500,500,50,10,19.877707,19.877448,0.000122,0.000016,0.000120,0.000092
macbook,OMP_CPU2,3,2,1,1000,500,500,50,10,20.646786,20.646332,0.000094,0.000008,0.000056,0.000072
macbook,OMP_CPU2,4,2,1,1000,500,500,50,10,19.975027,19.974749,0.000110,0.000014,0.000107,0.000082
macbook,OMP_CPU2,0,2,1,5000,500,500,50,10,132.222396,132.221027,0.000682,0.000092,0.000531,0.000368
macbook,OMP_CPU2,1,2,1,5000,500,500,50,10,130.727516,130.726003,0.000664,0.000088,0.000511,0.000354
macbook,OMP_CPU2,2,2,1,5000,500,500,50,10,129.532053,129.529975,0.000678,0.000086,0.000502,0.000347
macbook,OMP_CPU2,3,2,1,5000,500,500,50,10,130.958907,130.957676,0.000658,0.000044,0.000292,0.000375
macbook,OMP_CPU2,4,2,1,5000,500,500,50,10,134.942386,134.940519,0.000658,0.000085,0.000506,0.000368
macbook,OMP_CPU2,0,4,1,20,500,500,50,10,0.541467,0.541460,0.000004,0.000003,0.000002,0.000002
macbook,OMP_CPU2,1,4,1,20,500,500,50,10,0.568376,0.568369,0.000003,0.000003,0.000003,0.000002
macbook,OMP_CPU2,2,4,1,20,500,500,50,10,0.541957,0.541950,0.000003,0.000004,0.000003,0.000002
macbook,OMP_CPU2,3,4,1,20,500,500,50,10,0.590000,0.589993,0.000004,0.000004,0.000009,0.000002
macbook,OMP_CPU2,4,4,1,20,500,500,50,10,0.686747,0.686738,0.000005,0.000001,0.000004,0.000002
macbook,OMP_CPU2,0,4,1,1,500,500,50,10,0.110527,0.110523,0.000001,0.000000,0.000001,0.000001
macbook,OMP_CPU2,1,4,1,1,500,500,50,10,0.103611,0.103608,0.000001,0.000001,0.000000,0.000001
macbook,OMP_CPU2,2,4,1,1,500,500,50,10,0.095442,0.095439,0.000001,0.000000,0.000001,0.000001
macbook,OMP_CPU2,3,4,1,1,500,500,50,10,0.097787,0.097784,0.000001,0.000000,0.000001,0.000001
macbook,OMP_CPU2,4,4,1,1,500,500,50,10,0.097944,0.097940,0.000001,0.000000,0.000001,0.000001
macbook,OMP_CPU2,0,4,1,50,500,500,50,10,1.359761,1.359746,0.000007,0.000002,0.000014,0.000005
macbook,OMP_CPU2,1,4,1,50,500,500,50,10,1.378122,1.378111,0.000009,0.000005,0.000006,0.000006
macbook,OMP_CPU2,2,4,1,50,500,500,50,10,1.344642,1.344630,0.000008,0.000006,0.000018,0.000005
macbook,OMP_CPU2,3,4,1,50,500,500,50,10,1.346747,1.346734,0.000008,0.000001,0.000010,0.000005
macbook,OMP_CPU2,4,4,1,50,500,500,50,10,1.409705,1.409692,0.000008,0.000002,0.000017,0.000005
macbook,OMP_CPU2,0,4,1,100,500,500,50,10,2.545922,2.545898,0.000017,0.000022,0.000011,0.000012
macbook,OMP_CPU2,1,4,1,100,500,500,50,10,2.622168,2.622144,0.000013,0.000003,0.000026,0.000008
macbook,OMP_CPU2,2,4,1,100,500,500,50,10,2.637486,2.637458,0.000014,0.000003,0.000029,0.000009
macbook,OMP_CPU2,3,4,1,100,500,500,50,10,2.558607,2.558579,0.000016,0.000004,0.000018,0.000011
macbook,OMP_CPU2,4,4,1,100,500,500,50,10,2.608176,2.608144,0.000015,0.000004,0.000031,0.000009
macbook,OMP_CPU2,0,4,1,500,500,500,50,10,12.809776,12.809595,0.000091,0.000010,0.000050,0.000054
macbook,OMP_CPU2,1,4,1,500,500,500,50,10,12.761384,12.761219,0.000078,0.000060,0.000080,0.000049
macbook,OMP_CPU2,2,4,1,500,500,500,50,10,12.628484,12.628313,0.000077,0.000010,0.000122,0.000047
macbook,OMP_CPU2,3,4,1,500,500,500,50,10,12.887159,12.886971,0.000086,0.000017,0.000089,0.000052
macbook,OMP_CPU2,4,4,1,500,500,500,50,10,12.835326,12.835160,0.000075,0.000015,0.000078,0.000050
macbook,OMP_CPU2,0,4,1,1000,500,500,50,10,24.946439,24.946125,0.000179,0.000045,0.000178,0.000107
macbook,OMP_CPU2,1,4,1,1000,500,500,50,10,24.863910,24.863646,0.000156,0.000105,0.000274,0.000095
macbook,OMP_CPU2,2,4,1,1000,500,500,50,10,25.751795,25.751501,0.000177,0.000119,0.000195,0.000102
macbook,OMP_CPU2,3,4,1,1000,500,500,50,10,24.984590,24.984276,0.000154,0.000056,0.000223,0.000092
macbook,OMP_CPU2,4,4,1,1000,500,500,50,10,25.184056,25.183744,0.000168,0.000049,0.000252,0.000111
macbook,OMP_CPU2,0,4,1,5000,500,500,50,10,129.986347,129.984992,0.001120,0.000085,0.000525,0.000569
macbook,OMP_CPU2,1,4,1,5000,500,500,50,10,129.117185,129.115769,0.001140,0.000152,0.001951,0.000467
macbook,OMP_CPU2,2,4,1,5000,500,500,50,10,128.654347,128.652867,0.001024,0.000152,0.000767,0.000441
macbook,OMP_CPU2,3,4,1,5000,500,500,50,10,131.007643,131.006244,0.001023,0.000070,0.000442,0.000422
macbook,OMP_CPU2,4,4,1,5000,500,500,50,10,125.913807,125.912351,0.001055,0.000549,0.000807,0.000520
macbook,OMP_CPU2,0,8,1,20,500,500,50,10,0.749835,0.749824,0.000002,0.000000,0.000002,0.000012
macbook,OMP_CPU2,1,8,1,20,500,500,50,10,0.752054,0.752047,0.000002,0.000014,0.000005,0.000012
macbook,OMP_CPU2,2,8,1,20,500,500,50,10,0.748120,0.748112,0.000002,0.000001,0.000005,0.000018
macbook,OMP_CPU2,3,8,1,20,500,500,50,10,0.749128,0.749118,0.000004,0.000002,0.000011,0.000019
macbook,OMP_CPU2,4,8,1,20,500,500,50,10,0.755477,0.755469,0.000003,0.000001,0.000005,0.000014
macbook,OMP_CPU2,0,8,1,1,500,500,50,10,0.102135,0.102129,0.000001,0.000000,0.000001,0.000012
macbook,OMP_CPU2,1,8,1,1,500,500,50,10,0.105206,0.105201,0.000000,0.000001,0.000000,0.000011
macbook,OMP_CPU2,2,8,1,1,500,500,50,10,0.102008,0.102002,0.000000,0.000000,0.000001,0.000012
macbook,OMP_CPU2,3,8,1,1,500,500,50,10,0.101633,0.101628,0.000000,0.000000,0.000001,0.000012
macbook,OMP_CPU2,4,8,1,1,500,500,50,10,0.100381,0.100376,0.000000,0.000000,0.000001,0.000013
macbook,OMP_CPU2,0,8,1,50,500,500,50,10,1.823504,1.823490,0.000006,0.000126,0.000006,0.000017
macbook,OMP_CPU2,1,8,1,50,500,500,50,10,1.819551,1.819535,0.000005,0.000000,0.000007,0.000013
macbook,OMP_CPU2,2,8,1,50,500,500,50,10,1.811188,1.811174,0.000005,0.000069,0.000034,0.000016
macbook,OMP_CPU2,3,8,1,50,500,500,50,10,1.808156,1.808143,0.000004,0.000001,0.000003,0.000011
macbook,OMP_CPU2,4,8,1,50,500,500,50,10,1.826120,1.826107,0.000006,0.000001,0.000035,0.000014
macbook,OMP_CPU2,0,8,1,100,500,500,50,10,3.252174,3.252147,0.000009,0.000003,0.000014,0.000014
macbook,OMP_CPU2,1,8,1,100,500,500,50,10,3.226986,3.226956,0.000011,0.000004,0.000048,0.000011
macbook,OMP_CPU2,2,8,1,100,500,500,50,10,3.260029,3.259998,0.000014,0.000004,0.000014,0.000023
macbook,OMP_CPU2,3,8,1,100,500,500,50,10,3.275400,3.275370,0.000011,0.000087,0.000013,0.000012
macbook,OMP_CPU2,4,8,1,100,500,500,50,10,3.154921,3.154893,0.000013,0.000002,0.000009,0.000013
macbook,OMP_CPU2,0,8,1,500,500,500,50,10,15.247113,15.246925,0.000084,0.000112,0.000272,0.000052
macbook,OMP_CPU2,1,8,1,500,500,500,50,10,15.206843,15.206622,0.000048,0.000014,0.000031,0.000018
macbook,OMP_CPU2,2,8,1,500,500,500,50,10,15.271146,15.270890,0.000052,0.000005,0.000033,0.000069
macbook,OMP_CPU2,3,8,1,500,500,500,50,10,15.195187,15.194980,0.000058,0.000115,0.000158,0.000015
macbook,OMP_CPU2,4,8,1,500,500,500,50,10,15.413687,15.413508,0.000070,0.000228,0.000476,0.000017
macbook,OMP_CPU2,0,8,1,1000,500,500,50,10,27.912213,27.911864,0.000164,0.000103,0.000100,0.000134
macbook,OMP_CPU2,1,8,1,1000,500,500,50,10,28.001266,28.000957,0.000130,0.000175,0.000214,0.000106
macbook,OMP_CPU2,2,8,1,1000,500,500,50,10,28.046864,28.046517,0.000108,0.000398,0.000349,0.000114
macbook,OMP_CPU2,3,8,1,1000,500,500,50,10,28.008811,28.008519,0.000113,0.000106,0.000092,0.000106
macbook,OMP_CPU2,4,8,1,1000,500,500,50,10,28.002967,28.002632,0.000125,0.000605,0.000380,0.000102
macbook,OMP_CPU2,0,8,1,5000,500,500,50,10,131.215906,131.214373,0.000876,0.001332,0.001343,0.000410
macbook,OMP_CPU2,1,8,1,5000,500,500,50,10,130.813002,130.811337,0.000685,0.000824,0.001358,0.000439
macbook,OMP_CPU2,2,8,1,5000,500,500,50,10,121.876810,121.875607,0.000972,0.000917,0.001324,0.000326
macbook,OMP_CPU2,3,8,1,5000,500,500,50,10,121.625734,121.624211,0.000759,0.000050,0.000324,0.000387
macbook,OMP_CPU2,4,8,1,5000,500,500,50,10,120.890794,120.889351,0.000813,0.001707,0.000776,0.000371
macbook,OMP_CPU2,0,16,1,20,500,500,50,10,0.762924,0.762914,0.000003,0.000002,0.000006,0.000033
macbook,OMP_CPU2,1,16,1,20,500,500,50,10,0.767600,0.767589,0.000003,0.000058,0.000005,0.000024
macbook,OMP_CPU2,2,16,1,20,500,500,50,10,0.760861,0.760852,0.000003,0.000001,0.000004,0.000024
macbook,OMP_CPU2,3,16,1,20,500,500,50,10,0.762885,0.762875,0.000003,0.000002,0.000064,0.000033
macbook,OMP_CPU2,4,16,1,20,500,500,50,10,0.764637,0.764626,0.000003,0.000001,0.000005,0.000024
macbook,OMP_CPU2,0,16,1,1,500,500,50,10,0.126159,0.126153,0.000001,0.000000,0.000001,0.000025
macbook,OMP_CPU2,1,16,1,1,500,500,50,10,0.129060,0.129053,0.000001,0.000000,0.000000,0.000024
macbook,OMP_CPU2,2,16,1,1,500,500,50,10,0.124301,0.124295,0.000001,0.000000,0.000001,0.000025
macbook,OMP_CPU2,3,16,1,1,500,500,50,10,0.124788,0.124782,0.000000,0.000000,0.000000,0.000028
macbook,OMP_CPU2,4,16,1,1,500,500,50,10,0.125307,0.125300,0.000001,0.000001,0.000000,0.000026
macbook,OMP_CPU2,0,16,1,50,500,500,50,10,1.794223,1.794203,0.000006,0.000001,0.000033,0.000029
macbook,OMP_CPU2,1,16,1,50,500,500,50,10,1.802653,1.802636,0.000006,0.000001,0.000007,0.000028
macbook,OMP_CPU2,2,16,1,50,500,500,50,10,1.797431,1.797414,0.000007,0.000017,0.000038,0.000027
macbook,OMP_CPU2,3,16,1,50,500,500,50,10,1.805899,1.805883,0.000007,0.000001,0.000004,0.000037
macbook,OMP_CPU2,4,16,1,50,500,500,50,10,1.798078,1.798038,0.000006,0.000105,0.000007,0.000028
macbook,OMP_CPU2,0,16,1,100,500,500,50,10,3.334119,3.334089,0.000014,0.000004,0.000015,0.000029
macbook,OMP_CPU2,1,16,1,100,500,500,50,10,3.310722,3.310687,0.000009,0.000002,0.000009,0.000035
macbook,OMP_CPU2,2,16,1,100,500,500,50,10,3.285643,3.285608,0.000013,0.000004,0.000013,0.000030
macbook,OMP_CPU2,3,16,1,100,500,500,50,10,3.294481,3.294444,0.000011,0.000117,0.000127,0.000030
macbook,OMP_CPU2,4,16,1,100,500,500,50,10,3.252068,3.252036,0.000012,0.000177,0.000088,0.000031
macbook,OMP_CPU2,0,16,1,500,500,500,50,10,15.412624,15.412430,0.000082,0.000337,0.000255,0.000086
macbook,OMP_CPU2,1,16,1,500,500,500,50,10,15.360652,15.360435,0.000078,0.000014,0.000289,0.000037
macbook,OMP_CPU2,2,16,1,500,500,500,50,10,15.335405,15.335205,0.000056,0.000359,0.000376,0.000048
macbook,OMP_CPU2,3,16,1,500,500,500,50,10,15.407770,15.407563,0.000068,0.000380,0.000554,0.000053
macbook,OMP_CPU2,4,16,1,500,500,500,50,10,15.458949,15.458711,0.000072,0.000011,0.000423,0.000070
macbook,OMP_CPU2,0,16,1,1000,500,500,50,10,28.057101,28.056768,0.000139,0.000849,0.000547,0.000104
macbook,OMP_CPU2,1,16,1,1000,500,500,50,10,28.332409,28.332055,0.000157,0.000645,0.000152,0.000041
macbook,OMP_CPU2,2,16,1,1000,500,500,50,10,28.177973,28.177634,0.000131,0.000194,0.000222,0.000070
macbook,OMP_CPU2,3,16,1,1000,500,500,50,10,28.606859,28.606552,0.000106,0.000248,0.000080,0.000129
macbook,OMP_CPU2,4,16,1,1000,500,500,50,10,28.315898,28.315570,0.000172,0.000659,0.000120,0.000047
macbook,OMP_CPU2,0,16,1,5000,500,500,50,10,132.573098,132.571783,0.001121,0.004057,0.000567,0.000058
macbook,OMP_CPU2,1,16,1,5000,500,500,50,10,127.953576,127.951951,0.000999,0.003686,0.003663,0.000421
macbook,OMP_CPU2,2,16,1,5000,500,500,50,10,122.024319,122.022461,0.000817,0.004349,0.002382,0.000115
macbook,OMP_CPU2,3,16,1,5000,500,500,50,10,120.156881,120.155397,0.000985,0.002248,0.004666,0.000339
macbook,OMP_CPU2,4,16,1,5000,500,500,50,10,121.580132,121.578598,0.001053,0.001861,0.003193,0.000054
macbook,OMP_CPU2,0,32,1,20,500,500,50,10,0.813794,0.813780,0.000003,0.000001,0.000005,0.000049
macbook,OMP_CPU2,1,32,1,20,500,500,50,10,0.819370,0.819357,0.000003,0.000001,0.000004,0.000055
macbook,OMP_CPU2,2,32,1,20,500,500,50,10,0.815487,0.815473,0.000002,0.000001,0.000001,0.000052
macbook,OMP_CPU2,3,32,1,20,500,500,50,10,0.811347,0.811335,0.000003,0.000003,0.000065,0.000053
macbook,OMP_CPU2,4,32,1,20,500,500,50,10,0.806537,0.806524,0.000003,0.000002,0.000005,0.000053
macbook,OMP_CPU2,0,32,1,1,500,500,50,10,0.176754,0.176744,0.000000,0.000001,0.000000,0.000054
macbook,OMP_CPU2,1,32,1,1,500,500,50,10,0.170482,0.170472,0.000001,0.000000,0.000000,0.000051
macbook,OMP_CPU2,2,32,1,1,500,500,50,10,0.170673,0.170664,0.000001,0.000001,0.000000,0.000053
macbook,OMP_CPU2,3,32,1,1,500,500,50,10,0.176750,0.176736,0.000001,0.000000,0.000000,0.000051
macbook,OMP_CPU2,4,32,1,1,500,500,50,10,0.170784,0.170775,0.000001,0.000000,0.000001,0.000054
macbook,OMP_CPU2,0,32,1,50,500,500,50,10,1.827042,1.827025,0.000006,0.000004,0.000293,0.000054
macbook,OMP_CPU2,1,32,1,50,500,500,50,10,1.830730,1.830708,0.000007,0.000549,0.000006,0.000056
macbook,OMP_CPU2,2,32,1,50,500,500,50,10,1.827028,1.827009,0.000005,0.000004,0.000128,0.000054
macbook,OMP_CPU2,3,32,1,50,500,500,50,10,1.832285,1.832266,0.000006,0.000001,0.000161,0.000051
macbook,OMP_CPU2,4,32,1,50,500,500,50,10,1.823152,1.823134,0.000006,0.000001,0.000007,0.000055
macbook,OMP_CPU2,0,32,1,100,500,500,50,10,3.329554,3.329520,0.000011,0.000247,0.000228,0.000057
macbook,OMP_CPU2,1,32,1,100,500,500,50,10,3.336139,3.336096,0.000014,0.000004,0.000453,0.000055
macbook,OMP_CPU2,2,32,1,100,500,500,50,10,3.322569,3.322531,0.000013,0.000001,0.000012,0.000062
macbook,OMP_CPU2,3,32,1,100,500,500,50,10,3.331581,3.331543,0.000013,0.000004,0.000014,0.000056
macbook,OMP_CPU2,4,32,1,100,500,500,50,10,3.303940,3.303900,0.000013,0.000005,0.000513,0.000059
macbook,OMP_CPU2,0,32,1,500,500,500,50,10,15.521932,15.521713,0.000084,0.001056,0.000651,0.000092
macbook,OMP_CPU2,1,32,1,500,500,500,50,10,15.408931,15.408691,0.000083,0.000904,0.001181,0.000073
macbook,OMP_CPU2,2,32,1,500,500,500,50,10,15.548274,15.548025,0.000090,0.000945,0.001081,0.000085
macbook,OMP_CPU2,3,32,1,500,500,500,50,10,15.381145,15.380907,0.000083,0.000723,0.000775,0.000104
macbook,OMP_CPU2,4,32,1,500,500,500,50,10,15.592492,15.592235,0.000055,0.000966,0.000774,0.000078
macbook,OMP_CPU2,0,32,1,1000,500,500,50,10,28.403242,28.402887,0.000131,0.001615,0.001722,0.000137
macbook,OMP_CPU2,1,32,1,1000,500,500,50,10,28.375740,28.375326,0.000105,0.001645,0.001508,0.000096
macbook,OMP_CPU2,2,32,1,1000,500,500,50,10,28.256373,28.255933,0.000141,0.001029,0.000118,0.000133
macbook,OMP_CPU2,3,32,1,1000,500,500,50,10,28.298201,28.297798,0.000134,0.003204,0.001651,0.000096
macbook,OMP_CPU2,4,32,1,1000,500,500,50,10,28.353627,28.353189,0.000151,0.001752,0.003393,0.000095
macbook,OMP_CPU2,0,32,1,5000,500,500,50,10,134.219584,134.217731,0.001043,0.005687,0.009259,0.000382
macbook,OMP_CPU2,1,32,1,5000,500,500,50,10,128.095380,128.093583,0.000946,0.007437,0.006227,0.000442
macbook,OMP_CPU2,2,32,1,5000,500,500,50,10,122.749460,122.747619,0.000815,0.006211,0.008099,0.000401
macbook,OMP_CPU2,3,32,1,5000,500,500,50,10,121.872331,121.870613,0.000942,0.006772,0.007396,0.000412
macbook,OMP_CPU2,4,32,1,5000,500,500,50,10,121.850231,121.848623,0.000867,0.006222,0.007805,0.000100
macbook,OMP_CPU2,0,2,1,20,500,500,50,10,0.428986,0.428979,0.000002,0.000002,0.000001,0.000002
macbook,OMP_CPU2,1,2,1,20,500,500,50,10,0.428475,0.428469,0.000002,0.000001,0.000001,0.000003
macbook,OMP_CPU2,2,2,1,20,500,500,50,10,0.426352,0.426343,0.000003,0.000001,0.000001,0.000002
macbook,OMP_CPU2,3,2,1,20,500,500,50,10,0.426712,0.426703,0.000003,0.000001,0.000001,0.000002
macbook,OMP_CPU2,4,2,1,20,500,500,50,10,0.430780,0.430771,0.000004,0.000000,0.000002,0.000002
macbook,OMP_CPU2,0,2,1,20,1,500,50,10,0.001037,0.001025,0.000033,0.000001,0.000003,0.000002
macbook,OMP_CPU2,1,2,1,20,1,500,50,10,0.000918,0.000911,0.000016,0.000001,0.000002,0.000002
macbook,OMP_CPU2,2,2,1,20,1,500,50,10,0.001139,0.001131,0.000021,0.000000,0.000003,0.000003
macbook,OMP_CPU2,3,2,1,20,1,500,50,10,0.001142,0.001134,0.000021,0.000002,0.000002,0.000002
macbook,OMP_CPU2,4,2,1,20,1,500,50,10,0.001145,0.001137,0.000017,0.000001,0.000002,0.000002
macbook,OMP_CPU2,0,2,1,20,1500,500,50,10,1.280159,1.280152,0.000002,0.000001,0.000002,0.000002
macbook,OMP_CPU2,1,2,1,20,1500,500,50,10,1.273198,1.273191,0.000003,0.000001,0.000001,0.000001
macbook,OMP_CPU2,2,2,1,20,1500,500,50,10,1.278236,1.278225,0.000002,0.000001,0.000002,0.000002
macbook,OMP_CPU2,3,2,1,20,1500,500,50,10,1.282481,1.282474,0.000003,0.000000,0.000002,0.000002
macbook,OMP_CPU2,4,2,1,20,1500,500,50,10,1.279749,1.279739,0.000002,0.000000,0.000002,0.000002
macbook,OMP_CPU2,0,2,1,20,5000,500,50,10,4.257378,4.257371,0.000003,0.000001,0.000001,0.000002
macbook,OMP_CPU2,1,2,1,20,5000,500,50,10,4.247188,4.247175,0.000003,0.000001,0.000002,0.000002
macbook,OMP_CPU2,2,2,1,20,5000,500,50,10,4.294716,4.294709,0.000003,0.000000,0.000002,0.000002
macbook,OMP_CPU2,3,2,1,20,5000,500,50,10,4.304608,4.304599,0.000003,0.000000,0.000002,0.000002
macbook,OMP_CPU2,4,2,1,20,5000,500,50,10,4.306855,4.306845,0.000002,0.000001,0.000002,0.000002
macbook,OMP_CPU2,0,4,1,20,500,500,50,10,0.545400,0.545393,0.000004,0.000004,0.000005,0.000002
macbook,OMP_CPU2,1,4,1,20,500,500,50,10,0.548866,0.548859,0.000003,0.000004,0.000004,0.000002
macbook,OMP_CPU2,2,4,1,20,500,500,50,10,0.547198,0.547190,0.000004,0.000004,0.000003,0.000002
macbook,OMP_CPU2,3,4,1,20,500,500,50,10,0.539821,0.539813,0.000003,0.000001,0.000003,0.000002
macbook,OMP_CPU2,4,4,1,20,500,500,50,10,0.541230,0.541222,0.000004,0.000003,0.000007,0.000002
macbook,OMP_CPU2,0,4,1,20,1,500,50,10,0.001468,0.001461,0.000028,0.000001,0.000002,0.000002
macbook,OMP_CPU2,1,4,1,20,1,500,50,10,0.001830,0.001823,0.000036,0.000002,0.000002,0.000002
macbook,OMP_CPU2,2,4,1,20,1,500,50,10,0.001910,0.001903,0.000028,0.000003,0.000005,0.000003
macbook,OMP_CPU2,3,4,1,20,1,500,50,10,0.001737,0.001729,0.000027,0.000003,0.000002,0.000002
macbook,OMP_CPU2,4,4,1,20,1,500,50,10,0.001720,0.001713,0.000026,0.000007,0.000003,0.000002
macbook,OMP_CPU2,0,4,1,20,1500,500,50,10,1.905401,1.905394,0.000005,0.000005,0.000002,0.000004
macbook,OMP_CPU2,1,4,1,20,1500,500,50,10,1.649479,1.649471,0.000003,0.000001,0.000006,0.000002
macbook,OMP_CPU2,2,4,1,20,1500,500,50,10,1.656836,1.656829,0.000003,0.000004,0.000003,0.000002
macbook,OMP_CPU2,3,4,1,20,1500,500,50,10,1.588843,1.588835,0.000003,0.000002,0.000003,0.000002
macbook,OMP_CPU2,4,4,1,20,1500,500,50,10,1.596665,1.596658,0.000004,0.000002,0.000001,0.000002
macbook,OMP_CPU2,0,4,1,20,5000,500,50,10,5.320371,5.320363,0.000004,0.000004,0.000003,0.000002
macbook,OMP_CPU2,1,4,1,20,5000,500,50,10,5.296628,5.296622,0.000004,0.000003,0.000002,0.000002
macbook,OMP_CPU2,2,4,1,20,5000,500,50,10,5.394315,5.394307,0.000003,0.000004,0.000003,0.000002
macbook,OMP_CPU2,3,4,1,20,5000,500,50,10,5.331670,5.331661,0.000004,0.000004,0.000004,0.000002
macbook,OMP_CPU2,4,4,1,20,5000,500,50,10,5.313377,5.313370,0.000004,0.000000,0.000006,0.000002
macbook,OMP_CPU2,0,8,1,20,500,500,50,10,0.762154,0.762145,0.000002,0.000001,0.000020,0.000018
macbook,OMP_CPU2,1,8,1,20,500,500,50,10,0.759629,0.759621,0.000002,0.000016,0.000004,0.000014
macbook,OMP_CPU2,2,8,1,20,500,500,50,10,0.769810,0.769801,0.000003,0.000000,0.000004,0.000017
macbook,OMP_CPU2,3,8,1,20,500,500,50,10,0.750697,0.750689,0.000003,0.000001,0.000010,0.000013
macbook,OMP_CPU2,4,8,1,20,500,500,50,10,0.769719,0.769711,0.000003,0.000037,0.000005,0.000012
macbook,OMP_CPU2,0,8,1,20,1,500,50,10,0.001782,0.001774,0.000003,0.000029,0.000005,0.000016
macbook,OMP_CPU2,1,8,1,20,1,500,50,10,0.001807,0.001791,0.000003,0.000002,0.000005,0.000011
macbook,OMP_CPU2,2,8,1,20,1,500,50,10,0.001835,0.001827,0.000003,0.000006,0.000004,0.000015
macbook,OMP_CPU2,3,8,1,20,1,500,50,10,0.001986,0.001978,0.000003,0.000001,0.000005,0.000013
macbook,OMP_CPU2,4,8,1,20,1,500,50,10,0.001976,0.001968,0.000003,0.000002,0.000012,0.000018
macbook,OMP_CPU2,0,8,1,20,1500,500,50,10,2.292806,2.292797,0.000003,0.000000,0.000003,0.000009
macbook,OMP_CPU2,1,8,1,20,1500,500,50,10,2.290120,2.290110,0.000002,0.000000,0.000002,0.000036
macbook,OMP_CPU2,2,8,1,20,1500,500,50,10,2.280999,2.280987,0.000003,0.000000,0.000004,0.000014
macbook,OMP_CPU2,3,8,1,20,1500,500,50,10,2.289917,2.289909,0.000003,0.000007,0.000005,0.000013
macbook,OMP_CPU2,4,8,1,20,1500,500,50,10,2.293529,2.293519,0.000003,0.000001,0.000011,0.000015
macbook,OMP_CPU2,0,8,1,20,5000,500,50,10,7.582367,7.582350,0.000003,0.000020,0.000006,0.000015
macbook,OMP_CPU2,1,8,1,20,5000,500,50,10,8.011240,8.011230,0.000002,0.000000,0.000002,0.000018
macbook,OMP_CPU2,2,8,1,20,5000,500,50,10,7.646673,7.646664,0.000002,0.000001,0.000006,0.000012
macbook,OMP_CPU2,3,8,1,20,5000,500,50,10,7.669837,7.669828,0.000003,0.000000,0.000005,0.000012
macbook,OMP_CPU2,4,8,1,20,5000,500,50,10,8.037674,8.037665,0.000003,0.000002,0.000005,0.000014
macbook,OMP_CPU2,0,16,1,20,500,500,50,10,0.787526,0.787515,0.000003,0.000001,0.000003,0.000025
macbook,OMP_CPU2,1,16,1,20,500,500,50,10,0.773347,0.773335,0.000003,0.000042,0.000004,0.000023
macbook,OMP_CPU2,2,16,1,20,500,500,50,10,0.771515,0.771500,0.000003,0.000002,0.000009,0.000026
macbook,OMP_CPU2,3,16,1,20,500,500,50,10,0.775132,0.775122,0.000002,0.000001,0.000005,0.000026
macbook,OMP_CPU2,4,16,1,20,500,500,50,10,0.763323,0.763313,0.000002,0.000001,0.000001,0.000024
macbook,OMP_CPU2,0,16,1,20,1,500,50,10,0.001809,0.001799,0.000003,0.000001,0.000005,0.000030
macbook,OMP_CPU2,1,16,1,20,1,500,50,10,0.001804,0.001793,0.000002,0.000002,0.000004,0.000024
macbook,OMP_CPU2,2,16,1,20,1,500,50,10,0.001797,0.001788,0.000003,0.000037,0.000005,0.000024
macbook,OMP_CPU2,3,16,1,20,1,500,50,10,0.001921,0.001909,0.000003,0.000003,0.000005,0.000040
macbook,OMP_CPU2,4,16,1,20,1,500,50,10,0.001886,0.001874,0.000003,0.000001,0.000007,0.000024
macbook,OMP_CPU2,0,16,1,20,1500,500,50,10,2.313344,2.313331,0.000002,0.000000,0.000001,0.000032
macbook,OMP_CPU2,1,16,1,20,1500,500,50,10,2.349310,2.349299,0.000003,0.000000,0.000005,0.000025
macbook,OMP_CPU2,2,16,1,20,1500,500,50,10,2.317413,2.317403,0.000003,0.000011,0.000005,0.000027
macbook,OMP_CPU2,3,16,1,20,1500,500,50,10,2.338562,2.338551,0.000002,0.000001,0.000012,0.000025
macbook,OMP_CPU2,4,16,1,20,1500,500,50,10,2.335118,2.335103,0.000003,0.000001,0.000005,0.000025
macbook,OMP_CPU2,0,16,1,20,5000,500,50,10,8.393162,8.393150,0.000002,0.000000,0.000002,0.000028
macbook,OMP_CPU2,1,16,1,20,5000,500,50,10,7.795257,7.795243,0.000003,0.000018,0.000049,0.000030
macbook,OMP_CPU2,2,16,1,20,5000,500,50,10,7.603829,7.603818,0.000002,0.000000,0.000001,0.000024
macbook,OMP_CPU2,3,16,1,20,5000,500,50,10,7.621841,7.621830,0.000003,0.000001,0.000004,0.000030
macbook,OMP_CPU2,4,16,1,20,5000,500,50,10,8.146165,8.146153,0.000003,0.000004,0.000033,0.000029
macbook,OMP_CPU2,0,32,1,20,500,500,50,10,0.834511,0.834498,0.000002,0.000003,0.000003,0.000051
macbook,OMP_CPU2,1,32,1,20,500,500,50,10,0.839478,0.839463,0.000003,0.000001,0.000002,0.000056
macbook,OMP_CPU2,2,32,1,20,500,500,50,10,0.853506,0.853493,0.000003,0.000001,0.000004,0.000057
macbook,OMP_CPU2,3,32,1,20,500,500,50,10,0.826843,0.826828,0.000003,0.000015,0.000005,0.000055
macbook,OMP_CPU2,4,32,1,20,500,500,50,10,0.823805,0.823791,0.000003,0.000001,0.000038,0.000054
macbook,OMP_CPU2,0,32,1,20,1,500,50,10,0.002192,0.002179,0.000003,0.000001,0.000008,0.000054
macbook,OMP_CPU2,1,32,1,20,1,500,50,10,0.002120,0.002108,0.000003,0.000001,0.000004,0.000056
macbook,OMP_CPU2,2,32,1,20,1,500,50,10,0.002173,0.002159,0.000002,0.000003,0.000006,0.000050
macbook,OMP_CPU2,3,32,1,20,1,500,50,10,0.002209,0.002196,0.000002,0.000001,0.000006,0.000051
macbook,OMP_CPU2,4,32,1,20,1,500,50,10,0.002210,0.002196,0.000003,0.000002,0.000006,0.000059
macbook,OMP_CPU2,0,32,1,20,1500,500,50,10,2.518069,2.518055,0.000003,0.000001,0.000005,0.000053
macbook,OMP_CPU2,1,32,1,20,1500,500,50,10,2.535935,2.535921,0.000003,0.000000,0.000005,0.000056
macbook,OMP_CPU2,2,32,1,20,1500,500,50,10,2.744876,2.744863,0.000002,0.000005,0.000005,0.000056
macbook,OMP_CPU2,3,32,1,20,1500,500,50,10,2.727598,2.727583,0.000003,0.000002,0.000030,0.000056
macbook,OMP_CPU2,4,32,1,20,1500,500,50,10,2.693474,2.693459,0.000004,0.000000,0.000006,0.000062
macbook,OMP_CPU2,0,32,1,20,5000,500,50,10,8.412937,8.412923,0.000003,0.000001,0.000024,0.000061
macbook,OMP_CPU2,1,32,1,20,5000,500,50,10,8.782038,8.782025,0.000003,0.000001,0.000006,0.000056
macbook,OMP_CPU2,2,32,1,20,5000,500,50,10,8.805996,8.805983,0.000003,0.000001,0.000005,0.000053
macbook,OMP_CPU2,3,32,1,20,5000,500,50,10,8.409038,8.409024,0.000003,0.000022,0.000004,0.000051
macbook,OMP_CPU2,4,32,1,20,5000,500,50,10,8.476733,8.476716,0.000003,0.000001,0.000005,0.000054
macbook,OMP_CPU2,0,2,1,20,500,500,50,10,0.437895,0.437888,0.000002,0.000001,0.000002,0.000002
macbook,OMP_CPU2,1,2,1,20,500,500,50,10,0.519233,0.519226,0.000003,0.000000,0.000002,0.000002
macbook,OMP_CPU2,2,2,1,20,500,500,50,10,0.556371,0.556363,0.000003,0.000001,0.000003,0.000002
macbook,OMP_CPU2,3,2,1,20,500,500,50,10,0.525767,0.525759,0.000003,0.000001,0.000002,0.000002
macbook,OMP_CPU2,4,2,1,20,500,500,50,10,0.499113,0.499106,0.000003,0.000000,0.000003,0.000002
macbook,OMP_CPU2,0,2,1,20,500,1,50,10,0.003781,0.003775,0.000002,0.000001,0.000001,0.000002
macbook,OMP_CPU2,1,2,1,20,500,1,50,10,0.003887,0.003870,0.000003,0.000000,0.000002,0.000002
macbook,OMP_CPU2,2,2,1,20,500,1,50,10,0.003776,0.003770,0.000002,0.000001,0.000001,0.000001
macbook,OMP_CPU2,3,2,1,20,500,1,50,10,0.003744,0.003736,0.000002,0.000001,0.000001,0.000001
macbook,OMP_CPU2,4,2,1,20,500,1,50,10,0.003913,0.003907,0.000002,0.000000,0.000002,0.000001
macbook,OMP_CPU2,0,2,1,20,500,50,50,10,0.055132,0.055125,0.000003,0.000000,0.000003,0.000002
macbook,OMP_CPU2,1,2,1,20,500,50,50,10,0.049244,0.049236,0.000003,0.000001,0.000002,0.000002
macbook,OMP_CPU2,2,2,1,20,500,50,50,10,0.047506,0.047499,0.000003,0.000000,0.000002,0.000002
macbook,OMP_CPU2,3,2,1,20,500,50,50,10,0.047608,0.047601,0.000002,0.000001,0.000002,0.000002
macbook,OMP_CPU2,4,2,1,20,500,50,50,10,0.050502,0.050495,0.000002,0.000001,0.000002,0.000002
macbook,OMP_CPU2,0,2,1,20,500,100,50,10,0.093670,0.093665,0.000002,0.000001,0.000002,0.000002
macbook,OMP_CPU2,1,2,1,20,500,100,50,10,0.092588,0.092582,0.000002,0.000002,0.000001,0.000002
macbook,OMP_CPU2,2,2,1,20,500,100,50,10,0.097343,0.097338,0.000002,0.000002,0.000001,0.000002
macbook,OMP_CPU2,3,2,1,20,500,100,50,10,0.092625,0.092619,0.000003,0.000001,0.000001,0.000002
macbook,OMP_CPU2,4,2,1,20,500,100,50,10,0.096247,0.096242,0.000002,0.000002,0.000001,0.000002
macbook,OMP_CPU2,0,2,1,20,500,1000,50,10,0.872003,0.871996,0.000002,0.000001,0.000002,0.000002
macbook,OMP_CPU2,1,2,1,20,500,1000,50,10,0.878264,0.878258,0.000003,0.000001,0.000002,0.000002
macbook,OMP_CPU2,2,2,1,20,500,1000,50,10,0.878350,0.878339,0.000002,0.000001,0.000001,0.000002
macbook,OMP_CPU2,3,2,1,20,500,1000,50,10,0.866155,0.866149,0.000003,0.000001,0.000001,0.000002
macbook,OMP_CPU2,4,2,1,20,500,1000,50,10,0.885910,0.885896,0.000003,0.000000,0.000002,0.000003
macbook,OMP_CPU2,0,2,1,20,500,5000,50,10,4.258665,4.258655,0.000002,0.000001,0.000002,0.000003
macbook,OMP_CPU2,1,2,1,20,500,5000,50,10,4.287987,4.287979,0.000002,0.000001,0.000002,0.000003
macbook,OMP_CPU2,2,2,1,20,500,5000,50,10,4.815564,4.815554,0.000003,0.000000,0.000002,0.000002
macbook,OMP_CPU2,3,2,1,20,500,5000,50,10,4.313524,4.313516,0.000003,0.000000,0.000002,0.000002
macbook,OMP_CPU2,4,2,1,20,500,5000,50,10,4.220627,4.220622,0.000003,0.000000,0.000002,0.000001
macbook,OMP_CPU2,0,4,1,20,500,500,50,10,0.527460,0.527449,0.000003,0.000004,0.000003,0.000002
macbook,OMP_CPU2,1,4,1,20,500,500,50,10,0.528864,0.528857,0.000004,0.000004,0.000004,0.000002
macbook,OMP_CPU2,2,4,1,20,500,500,50,10,0.528807,0.528801,0.000003,0.000004,0.000003,0.000002
macbook,OMP_CPU2,3,4,1,20,500,500,50,10,0.525501,0.525494,0.000003,0.000004,0.000004,0.000002
macbook,OMP_CPU2,4,4,1,20,500,500,50,10,0.521059,0.521053,0.000003,0.000004,0.000003,0.000003
macbook,OMP_CPU2,0,4,1,20,500,1,50,10,0.004564,0.004557,0.000002,0.000001,0.000002,0.000002
macbook,OMP_CPU2,1,4,1,20,500,1,50,10,0.005744,0.005737,0.000002,0.000001,0.000001,0.000002
macbook,OMP_CPU2,2,4,1,20,500,1,50,10,0.005751,0.005745,0.000002,0.000001,0.000002,0.000002
macbook,OMP_CPU2,3,4,1,20,500,1,50,10,0.014527,0.014520,0.000002,0.000001,0.000002,0.000002
macbook,OMP_CPU2,4,4,1,20,500,1,50,10,0.004344,0.004337,0.000003,0.000000,0.000002,0.000003
macbook,OMP_CPU2,0,4,1,20,500,50,50,10,0.059334,0.059326,0.000002,0.000001,0.000002,0.000002
macbook,OMP_CPU2,1,4,1,20,500,50,50,10,0.058524,0.058517,0.000003,0.000003,0.000003,0.000003
macbook,OMP_CPU2,2,4,1,20,500,50,50,10,0.059675,0.059669,0.000003,0.000002,0.000002,0.000003
macbook,OMP_CPU2,3,4,1,20,500,50,50,10,0.058842,0.058837,0.000003,0.000000,0.000002,0.000002
macbook,OMP_CPU2,4,4,1,20,500,50,50,10,0.058084,0.058078,0.000003,0.000001,0.000002,0.000002
macbook,OMP_CPU2,0,4,1,20,500,100,50,10,0.107983,0.107977,0.000003,0.000002,0.000003,0.000002
macbook,OMP_CPU2,1,4,1,20,500,100,50,10,0.116293,0.116286,0.000003,0.000004,0.000003,0.000003
macbook,OMP_CPU2,2,4,1,20,500,100,50,10,0.109129,0.109124,0.000003,0.000000,0.000003,0.000003
macbook,OMP_CPU2,3,4,1,20,500,100,50,10,0.105714,0.105708,0.000004,0.000003,0.000002,0.000002
macbook,OMP_CPU2,4,4,1,20,500,100,50,10,0.105332,0.105326,0.000003,0.000001,0.000003,0.000002
macbook,OMP_CPU2,0,4,1,20,500,1000,50,10,1.028421,1.028414,0.000003,0.000001,0.000008,0.000002
macbook,OMP_CPU2,1,4,1,20,500,1000,50,10,1.028581,1.028570,0.000003,0.000004,0.000002,0.000002
macbook,OMP_CPU2,2,4,1,20,500,1000,50,10,1.010801,1.010793,0.000003,0.000004,0.000002,0.000002
macbook,OMP_CPU2,3,4,1,20,500,1000,50,10,1.015383,1.015376,0.000003,0.000003,0.000003,0.000002
macbook,OMP_CPU2,4,4,1,20,500,1000,50,10,1.018232,1.018224,0.000004,0.000003,0.000002,0.000002
macbook,OMP_CPU2,0,4,1,20,500,5000,50,10,5.232256,5.232249,0.000003,0.000004,0.000002,0.000002
macbook,OMP_CPU2,1,4,1,20,500,5000,50,10,5.758648,5.758641,0.000003,0.000006,0.000004,0.000003
macbook,OMP_CPU2,2,4,1,20,500,5000,50,10,5.694250,5.694243,0.000004,0.000006,0.000005,0.000002
macbook,OMP_CPU2,3,4,1,20,500,5000,50,10,5.403224,5.403217,0.000003,0.000005,0.000004,0.000002
macbook,OMP_CPU2,4,4,1,20,500,5000,50,10,5.472966,5.472960,0.000004,0.000004,0.000005,0.000002
macbook,OMP_CPU2,0,8,1,20,500,500,50,10,0.748951,0.748943,0.000003,0.000000,0.000007,0.000010
macbook,OMP_CPU2,1,8,1,20,500,500,50,10,0.753388,0.753379,0.000003,0.000031,0.000018,0.000012
macbook,OMP_CPU2,2,8,1,20,500,500,50,10,0.754510,0.754501,0.000003,0.000003,0.000009,0.000012
macbook,OMP_CPU2,3,8,1,20,500,500,50,10,0.751077,0.751068,0.000003,0.000001,0.000002,0.000018
macbook,OMP_CPU2,4,8,1,20,500,500,50,10,0.745160,0.745151,0.000003,0.000002,0.000005,0.000016
macbook,OMP_CPU2,0,8,1,20,500,1,50,10,0.028459,0.028452,0.000003,0.000000,0.000002,0.000012
macbook,OMP_CPU2,1,8,1,20,500,1,50,10,0.029830,0.029822,0.000002,0.000000,0.000002,0.000013
macbook,OMP_CPU2,2,8,1,20,500,1,50,10,0.027915,0.027908,0.000002,0.000000,0.000001,0.000013
macbook,OMP_CPU2,3,8,1,20,500,1,50,10,0.027188,0.027181,0.000001,0.000000,0.000001,0.000012
macbook,OMP_CPU2,4,8,1,20,500,1,50,10,0.034411,0.034402,0.000002,0.000000,0.000001,0.000012
macbook,OMP_CPU2,0,8,1,20,500,50,50,10,0.099397,0.099388,0.000003,0.000001,0.000005,0.000013
macbook,OMP_CPU2,1,8,1,20,500,50,50,10,0.098486,0.098477,0.000003,0.000060,0.000005,0.000016
macbook,OMP_CPU2,2,8,1,20,500,50,50,10,0.098106,0.098098,0.000003,0.000005,0.000003,0.000012
macbook,OMP_CPU2,3,8,1,20,500,50,50,10,0.097790,0.097782,0.000002,0.000001,0.000005,0.000012
macbook,OMP_CPU2,4,8,1,20,500,50,50,10,0.102594,0.102585,0.000003,0.000000,0.000005,0.000012
macbook,OMP_CPU2,0,8,1,20,500,100,50,10,0.170350,0.170342,0.000002,0.000001,0.000001,0.000012
macbook,OMP_CPU2,1,8,1,20,500,100,50,10,0.169571,0.169563,0.000003,0.000001,0.000004,0.000012
macbook,OMP_CPU2,2,8,1,20,500,100,50,10,0.176369,0.176360,0.000002,0.000005,0.000009,0.000012
macbook,OMP_CPU2,3,8,1,20,500,100,50,10,0.168756,0.168747,0.000002,0.000000,0.000001,0.000014
macbook,OMP_CPU2,4,8,1,20,500,100,50,10,0.168975,0.168966,0.000002,0.000000,0.000001,0.000014
macbook,OMP_CPU2,0,8,1,20,500,1000,50,10,1.459223,1.459213,0.000004,0.000022,0.000005,0.000012
macbook,OMP_CPU2,1,8,1,20,500,1000,50,10,1.464303,1.464294,0.000003,0.000000,0.000003,0.000013
macbook,OMP_CPU2,2,8,1,20,500,1000,50,10,1.459995,1.459982,0.000003,0.000001,0.000002,0.000014
macbook,OMP_CPU2,3,8,1,20,500,1000,50,10,1.461029,1.461019,0.000003,0.000001,0.000005,0.000016
macbook,OMP_CPU2,4,8,1,20,500,1000,50,10,1.481688,1.481679,0.000004,0.000002,0.000021,0.000015
macbook,OMP_CPU2,0,8,1,20,500,5000,50,10,7.135056,7.135048,0.000003,0.000007,0.000002,0.000027
macbook,OMP_CPU2,1,8,1,20,500,5000,50,10,7.561415,7.561407,0.000004,0.000113,0.000006,0.000011
macbook,OMP_CPU2,2,8,1,20,500,5000,50,10,7.796707,7.796697,0.000004,0.000000,0.000007,0.000013
macbook,OMP_CPU2,3,8,1,20,500,5000,50,10,7.820522,7.820512,0.000003,0.000016,0.000006,0.000024
macbook,OMP_CPU2,4,8,1,20,500,5000,50,10,7.627029,7.627019,0.000004,0.000001,0.000006,0.000016
macbook,OMP_CPU2,0,16,1,20,500,500,50,10,0.882821,0.882804,0.000002,0.000000,0.000002,0.000031
macbook,OMP_CPU2,1,16,1,20,500,500,50,10,0.826986,0.826974,0.000003,0.000001,0.000007,0.000027
macbook,OMP_CPU2,2,16,1,20,500,500,50,10,0.827992,0.827980,0.000003,0.000002,0.000091,0.000025
macbook,OMP_CPU2,3,16,1,20,500,500,50,10,0.866159,0.866147,0.000002,0.000001,0.000001,0.000034
macbook,OMP_CPU2,4,16,1,20,500,500,50,10,0.773902,0.773892,0.000003,0.000001,0.000101,0.000037
macbook,OMP_CPU2,0,16,1,20,500,1,50,10,0.057861,0.057852,0.000002,0.000000,0.000001,0.000026
macbook,OMP_CPU2,1,16,1,20,500,1,50,10,0.061264,0.061249,0.000003,0.000000,0.000001,0.000027
macbook,OMP_CPU2,2,16,1,20,500,1,50,10,0.055148,0.055133,0.000002,0.000001,0.000001,0.000024
macbook,OMP_CPU2,3,16,1,20,500,1,50,10,0.054876,0.054866,0.000009,0.000000,0.000001,0.000026
macbook,OMP_CPU2,4,16,1,20,500,1,50,10,0.054830,0.054821,0.000008,0.000005,0.000006,0.000022
macbook,OMP_CPU2,0,16,1,20,500,50,50,10,0.120496,0.120486,0.000003,0.000007,0.000007,0.000026
macbook,OMP_CPU2,1,16,1,20,500,50,50,10,0.119735,0.119724,0.000003,0.000002,0.000011,0.000026
macbook,OMP_CPU2,2,16,1,20,500,50,50,10,0.123718,0.123708,0.000003,0.000003,0.000005,0.000027
macbook,OMP_CPU2,3,16,1,20,500,50,50,10,0.119930,0.119919,0.000003,0.000002,0.000004,0.000023
macbook,OMP_CPU2,4,16,1,20,500,50,50,10,0.120093,0.120082,0.000003,0.000000,0.000005,0.000026
macbook,OMP_CPU2,0,16,1,20,500,100,50,10,0.191481,0.191470,0.000003,0.000023,0.000020,0.000027
macbook,OMP_CPU2,1,16,1,20,500,100,50,10,0.213879,0.213868,0.000003,0.000003,0.000005,0.000028
macbook,OMP_CPU2,2,16,1,20,500,100,50,10,0.196181,0.196171,0.000003,0.000028,0.000017,0.000025
macbook,OMP_CPU2,3,16,1,20,500,100,50,10,0.200069,0.200058,0.000003,0.000008,0.000005,0.000024
macbook,OMP_CPU2,4,16,1,20,500,100,50,10,0.190680,0.190669,0.000002,0.000001,0.000052,0.000025
macbook,OMP_CPU2,0,16,1,20,500,1000,50,10,1.508029,1.508018,0.000003,0.000001,0.000004,0.000033
macbook,OMP_CPU2,1,16,1,20,500,1000,50,10,1.507160,1.507148,0.000002,0.000019,0.000007,0.000033
macbook,OMP_CPU2,2,16,1,20,500,1000,50,10,1.803786,1.803774,0.000004,0.000001,0.000007,0.000037
macbook,OMP_CPU2,3,16,1,20,500,1000,50,10,1.574031,1.574018,0.000003,0.000000,0.000003,0.000028
macbook,OMP_CPU2,4,16,1,20,500,1000,50,10,1.593208,1.593193,0.000002,0.000000,0.000056,0.000054
macbook,OMP_CPU2,0,16,1,20,500,5000,50,10,7.792055,7.792046,0.000003,0.000000,0.000006,0.000025
macbook,OMP_CPU2,1,16,1,20,500,5000,50,10,7.382812,7.382802,0.000003,0.000001,0.000002,0.000033
macbook,OMP_CPU2,2,16,1,20,500,5000,50,10,8.026930,8.026918,0.000002,0.000003,0.000113,0.000028
macbook,OMP_CPU2,3,16,1,20,500,5000,50,10,7.570265,7.570253,0.000003,0.000006,0.000005,0.000029
macbook,OMP_CPU2,4,16,1,20,500,5000,50,10,7.765348,7.765338,0.000003,0.000001,0.000004,0.000034
macbook,OMP_CPU2,0,32,1,20,500,500,50,10,0.916036,0.916021,0.000002,0.000000,0.000001,0.000063
macbook,OMP_CPU2,1,32,1,20,500,500,50,10,0.835433,0.835419,0.000003,0.000003,0.000005,0.000054
macbook,OMP_CPU2,2,32,1,20,500,500,50,10,0.810520,0.810505,0.000002,0.000024,0.000004,0.000052
macbook,OMP_CPU2,3,32,1,20,500,500,50,10,0.835261,0.835244,0.000003,0.000032,0.000009,0.000052
macbook,OMP_CPU2,4,32,1,20,500,500,50,10,0.835384,0.835370,0.000003,0.000001,0.000004,0.000060
macbook,OMP_CPU2,0,32,1,20,500,1,50,10,0.109495,0.109483,0.000003,0.000000,0.000002,0.000054
macbook,OMP_CPU2,1,32,1,20,500,1,50,10,0.108704,0.108692,0.000002,0.000001,0.000001,0.000047
macbook,OMP_CPU2,2,32,1,20,500,1,50,10,0.105004,0.104992,0.000020,0.000001,0.000002,0.000050
macbook,OMP_CPU2,3,32,1,20,500,1,50,10,0.111944,0.111932,0.000003,0.000001,0.000001,0.000053
macbook,OMP_CPU2,4,32,1,20,500,1,50,10,0.108721,0.108681,0.000004,0.000000,0.000003,0.000059
macbook,OMP_CPU2,0,32,1,20,500,50,50,10,0.169314,0.169300,0.000003,0.000010,0.000004,0.000055
macbook,OMP_CPU2,1,32,1,20,500,50,50,10,0.167711,0.167698,0.000003,0.000043,0.000020,0.000050
macbook,OMP_CPU2,2,32,1,20,500,50,50,10,0.166523,0.166505,0.000003,0.000001,0.000006,0.000056
macbook,OMP_CPU2,3,32,1,20,500,50,50,10,0.169095,0.169081,0.000003,0.000009,0.000016,0.000054
macbook,OMP_CPU2,4,32,1,20,500,50,50,10,0.171230,0.171216,0.000003,0.000002,0.000005,0.000052
macbook,OMP_CPU2,0,32,1,20,500,100,50,10,0.241161,0.241146,0.000003,0.000002,0.000015,0.000052
macbook,OMP_CPU2,1,32,1,20,500,100,50,10,0.237676,0.237663,0.000003,0.000001,0.000004,0.000049
macbook,OMP_CPU2,2,32,1,20,500,100,50,10,0.238726,0.238714,0.000003,0.000024,0.000005,0.000052
macbook,OMP_CPU2,3,32,1,20,500,100,50,10,0.240947,0.240933,0.000003,0.000000,0.000005,0.000051
macbook,OMP_CPU2,4,32,1,20,500,100,50,10,0.238363,0.238350,0.000003,0.000000,0.000002,0.000052
macbook,OMP_CPU2,0,32,1,20,500,1000,50,10,1.544051,1.544038,0.000003,0.000001,0.000005,0.000056
macbook,OMP_CPU2,1,32,1,20,500,1000,50,10,1.568691,1.568677,0.000003,0.000000,0.000020,0.000056
macbook,OMP_CPU2,2,32,1,20,500,1000,50,10,1.574809,1.574794,0.000003,0.000004,0.000005,0.000057
macbook,OMP_CPU2,3,32,1,20,500,1000,50,10,1.904440,1.904424,0.000004,0.000003,0.000007,0.000068
macbook,OMP_CPU2,4,32,1,20,500,1000,50,10,1.646512,1.646487,0.000002,0.000001,0.000005,0.000056
macbook,OMP_CPU2,0,32,1,20,500,5000,50,10,7.797786,7.797772,0.000003,0.000001,0.000004,0.000069
macbook,OMP_CPU2,1,32,1,20,500,5000,50,10,7.632562,7.632547,0.000003,0.000138,0.000002,0.000069
macbook,OMP_CPU2,2,32,1,20,500,5000,50,10,7.662350,7.662334,0.000004,0.000003,0.000063,0.000081
macbook,OMP_CPU2,3,32,1,20,500,5000,50,10,7.800860,7.800846,0.000004,0.000004,0.000034,0.000079
macbook,OMP_CPU2,4,32,1,20,500,5000,50,10,7.547309,7.547296,0.000003,0.000001,0.000007,0.000062
macbook,OMP_CPU2,0,2,1,20,500,500,50,10,0.438172,0.438165,0.000002,0.000001,0.000002,0.000001
macbook,OMP_CPU2,1,2,1,20,500,500,50,10,0.438565,0.438554,0.000003,0.000000,0.000003,0.000003
macbook,OMP_CPU2,2,2,1,20,500,500,50,10,0.443091,0.443085,0.000002,0.000001,0.000002,0.000001
macbook,OMP_CPU2,3,2,1,20,500,500,50,10,0.442983,0.442976,0.000003,0.000000,0.000002,0.000002
macbook,OMP_CPU2,4,2,1,20,500,500,50,10,0.478115,0.478108,0.000003,0.000000,0.000002,0.000002
macbook,OMP_CPU2,0,2,1,20,500,500,1,10,0.207418,0.207415,0.000001,0.000000,0.000001,0.000001
macbook,OMP_CPU2,1,2,1,20,500,500,1,10,0.218054,0.218051,0.000002,0.000000,0.000001,0.000001
macbook,OMP_CPU2,2,2,1,20,500,500,1,10,0.267989,0.267986,0.000002,0.000001,0.000000,0.000001
macbook,OMP_CPU2,3,2,1,20,500,500,1,10,0.254193,0.254190,0.000002,0.000000,0.000001,0.000001
macbook,OMP_CPU2,4,2,1,20,500,500,1,10,0.241639,0.241636,0.000001,0.000000,0.000001,0.000001
macbook,OMP_CPU2,0,2,1,20,500,500,100,10,0.763547,0.763536,0.000004,0.000002,0.000003,0.000004
macbook,OMP_CPU2,1,2,1,20,500,500,100,10,0.681742,0.681732,0.000004,0.000002,0.000002,0.000004
macbook,OMP_CPU2,2,2,1,20,500,500,100,10,0.756487,0.756478,0.000004,0.000002,0.000002,0.000003
macbook,OMP_CPU2,3,2,1,20,500,500,100,10,0.732462,0.732446,0.000004,0.000002,0.000003,0.000003
macbook,OMP_CPU2,4,2,1,20,500,500,100,10,0.684498,0.684485,0.000008,0.000001,0.000003,0.000003
macbook,OMP_CPU2,0,2,1,20,500,500,500,10,2.773961,2.773923,0.000015,0.000008,0.000010,0.000015
macbook,OMP_CPU2,1,2,1,20,500,500,500,10,3.035161,3.035099,0.000014,0.000009,0.000010,0.000015
macbook,OMP_CPU2,2,2,1,20,500,500,500,10,3.195537,3.195486,0.000014,0.000008,0.000010,0.000014
macbook,OMP_CPU2,3,2,1,20,500,500,500,10,3.127869,3.127819,0.000016,0.000010,0.000012,0.000017
macbook,OMP_CPU2,4,2,1,20,500,500,500,10,3.048247,3.048181,0.000015,0.000008,0.000010,0.000015
macbook,OMP_CPU2,0,2,1,20,500,500,1000,10,6.484434,6.484285,0.000034,0.000018,0.000023,0.000032
macbook,OMP_CPU2,1,2,1,20,500,500,1000,10,6.415577,6.415453,0.000029,0.000018,0.000019,0.000029
macbook,OMP_CPU2,2,2,1,20,500,500,1000,10,6.476337,6.476215,0.000034,0.000019,0.000023,0.000033
macbook,OMP_CPU2,3,2,1,20,500,500,1000,10,6.349768,6.349633,0.000032,0.000020,0.000022,0.000033
macbook,OMP_CPU2,4,2,1,20,500,500,1000,10,6.524784,6.524658,0.000029,0.000017,0.000020,0.000029
macbook,OMP_CPU2,0,2,1,20,500,500,5000,10,35.865893,35.865318,0.000202,0.000000,0.000104,0.000159
macbook,OMP_CPU2,1,2,1,20,500,500,5000,10,36.037241,36.036656,0.000201,0.000001,0.000108,0.000160
macbook,OMP_CPU2,2,2,1,20,500,500,5000,10,36.224563,36.223985,0.000201,0.000001,0.000104,0.000159
macbook,OMP_CPU2,3,2,1,20,500,500,5000,10,36.126273,36.125688,0.000178,0.000000,0.000092,0.000140
macbook,OMP_CPU2,4,2,1,20,500,500,5000,10,35.706513,35.705825,0.000172,0.000001,0.000089,0.000136
macbook,OMP_CPU2,0,4,1,20,500,500,50,10,0.609679,0.609665,0.000004,0.000005,0.000010,0.000003
macbook,OMP_CPU2,1,4,1,20,500,500,50,10,0.544807,0.544800,0.000003,0.000001,0.000003,0.000001
macbook,OMP_CPU2,2,4,1,20,500,500,50,10,0.561594,0.561587,0.000003,0.000003,0.000002,0.000003
macbook,OMP_CPU2,3,4,1,20,500,500,50,10,0.623408,0.623400,0.000004,0.000005,0.000004,0.000002
macbook,OMP_CPU2,4,4,1,20,500,500,50,10,0.567449,0.567441,0.000004,0.000004,0.000003,0.000002
macbook,OMP_CPU2,0,4,1,20,500,500,1,10,0.235693,0.235690,0.000002,0.000001,0.000001,0.000001
macbook,OMP_CPU2,1,4,1,20,500,500,1,10,0.241009,0.241005,0.000002,0.000001,0.000001,0.000000
macbook,OMP_CPU2,2,4,1,20,500,500,1,10,0.197991,0.197987,0.000002,0.000001,0.000001,0.000001
macbook,OMP_CPU2,3,4,1,20,500,500,1,10,0.232440,0.232437,0.000002,0.000002,0.000000,0.000001
macbook,OMP_CPU2,4,4,1,20,500,500,1,10,0.225498,0.225494,0.000001,0.000002,0.000000,0.000002
macbook,OMP_CPU2,0,4,1,20,500,500,100,10,0.946020,0.946008,0.000005,0.000004,0.000011,0.000004
macbook,OMP_CPU2,1,4,1,20,500,500,100,10,0.936770,0.936759,0.000005,0.000001,0.000006,0.000003
macbook,OMP_CPU2,2,4,1,20,500,500,100,10,0.962066,0.962053,0.000006,0.000007,0.000015,0.000005
macbook,OMP_CPU2,3,4,1,20,500,500,100,10,0.919879,0.919867,0.000005,0.000004,0.000011,0.000003
macbook,OMP_CPU2,4,4,1,20,500,500,100,10,0.980582,0.980570,0.000005,0.000007,0.000007,0.000005
macbook,OMP_CPU2,0,4,1,20,500,500,500,10,4.309770,4.309730,0.000022,0.000027,0.000016,0.000020
macbook,OMP_CPU2,1,4,1,20,500,500,500,10,4.285434,4.285394,0.000019,0.000001,0.000045,0.000017
macbook,OMP_CPU2,2,4,1,20,500,500,500,10,4.274476,4.274433,0.000019,0.000000,0.000045,0.000017
macbook,OMP_CPU2,3,4,1,20,500,500,500,10,4.026331,4.026291,0.000020,0.000001,0.000028,0.000018
macbook,OMP_CPU2,4,4,1,20,500,500,500,10,4.410439,4.410396,0.000025,0.000013,0.000018,0.000018
macbook,OMP_CPU2,0,4,1,20,500,500,1000,10,8.136797,8.136655,0.000039,0.000029,0.000030,0.000035
macbook,OMP_CPU2,1,4,1,20,500,500,1000,10,8.629526,8.629397,0.000042,0.000025,0.000030,0.000043
macbook,OMP_CPU2,2,4,1,20,500,500,1000,10,8.403509,8.403377,0.000040,0.000000,0.000060,0.000035
macbook,OMP_CPU2,3,4,1,20,500,500,1000,10,8.079541,8.079402,0.000041,0.000026,0.000061,0.000039
macbook,OMP_CPU2,4,4,1,20,500,500,1000,10,8.409106,8.408978,0.000041,0.000001,0.000118,0.000038
macbook,OMP_CPU2,0,4,1,20,500,500,5000,10,42.058073,42.057522,0.000265,0.000001,0.000472,0.000201
macbook,OMP_CPU2,1,4,1,20,500,500,5000,10,42.131092,42.130530,0.000270,0.000001,0.000361,0.000216
macbook,OMP_CPU2,2,4,1,20,500,500,5000,10,42.156057,42.155485,0.000265,0.000000,0.000483,0.000205
macbook,OMP_CPU2,3,4,1,20,500,500,5000,10,42.460768,42.460228,0.000266,0.000180,0.000351,0.000146
macbook,OMP_CPU2,4,4,1,20,500,500,5000,10,42.187626,42.187011,0.000238,0.000359,0.000321,0.000193
macbook,OMP_CPU2,0,8,1,20,500,500,50,10,0.866278,0.866267,0.000003,0.000002,0.000011,0.000012
macbook,OMP_CPU2,1,8,1,20,500,500,50,10,0.772464,0.772454,0.000003,0.000001,0.000008,0.000013
macbook,OMP_CPU2,2,8,1,20,500,500,50,10,0.844135,0.844126,0.000003,0.000049,0.000008,0.000019
macbook,OMP_CPU2,3,8,1,20,500,500,50,10,0.808539,0.808530,0.000002,0.000000,0.000002,0.000012
macbook,OMP_CPU2,4,8,1,20,500,500,50,10,0.802101,0.802091,0.000003,0.000002,0.000004,0.000018
macbook,OMP_CPU2,0,8,1,20,500,500,1,10,0.244805,0.244799,0.000001,0.000001,0.000001,0.000014
macbook,OMP_CPU2,1,8,1,20,500,500,1,10,0.205266,0.205260,0.000002,0.000001,0.000001,0.000012
macbook,OMP_CPU2,2,8,1,20,500,500,1,10,0.238885,0.238881,0.000001,0.000001,0.000000,0.000012
macbook,OMP_CPU2,3,8,1,20,500,500,1,10,0.207406,0.207400,0.000001,0.000001,0.000000,0.000012
macbook,OMP_CPU2,4,8,1,20,500,500,1,10,0.210336,0.210331,0.000001,0.000000,0.000000,0.000014
macbook,OMP_CPU2,0,8,1,20,500,500,100,10,1.332418,1.332408,0.000005,0.000000,0.000004,0.000016
macbook,OMP_CPU2,1,8,1,20,500,500,100,10,1.282990,1.282977,0.000003,0.000000,0.000003,0.000014
macbook,OMP_CPU2,2,8,1,20,500,500,100,10,1.364926,1.364914,0.000003,0.000001,0.000002,0.000027
macbook,OMP_CPU2,3,8,1,20,500,500,100,10,1.235514,1.235504,0.000004,0.000012,0.000006,0.000011
macbook,OMP_CPU2,4,8,1,20,500,500,100,10,1.238385,1.238375,0.000005,0.000057,0.000005,0.000014
macbook,OMP_CPU2,0,8,1,20,500,500,500,10,4.959232,4.959189,0.000023,0.000079,0.000048,0.000030
macbook,OMP_CPU2,1,8,1,20,500,500,500,10,5.234307,5.234261,0.000024,0.000001,0.000016,0.000016
macbook,OMP_CPU2,2,8,1,20,500,500,500,10,5.108414,5.108366,0.000019,0.000001,0.000020,0.000024
macbook,OMP_CPU2,3,8,1,20,500,500,500,10,5.159849,5.159795,0.000021,0.000001,0.000023,0.000021
macbook,OMP_CPU2,4,8,1,20,500,500,500,10,4.822282,4.822223,0.000023,0.000001,0.000149,0.000029
macbook,OMP_CPU2,0,8,1,20,500,500,1000,10,10.400799,10.400654,0.000064,0.000001,0.000042,0.000062
macbook,OMP_CPU2,1,8,1,20,500,500,1000,10,10.393713,10.393531,0.000040,0.000125,0.000039,0.000016
macbook,OMP_CPU2,2,8,1,20,500,500,1000,10,10.223668,10.223472,0.000048,0.000001,0.000041,0.000052
macbook,OMP_CPU2,3,8,1,20,500,500,1000,10,10.460513,10.460363,0.000057,0.000093,0.000031,0.000018
macbook,OMP_CPU2,4,8,1,20,500,500,1000,10,10.401543,10.401409,0.000046,0.000001,0.000040,0.000016
macbook,OMP_CPU2,0,8,1,20,500,500,5000,10,41.200039,41.199529,0.000223,0.000777,0.000119,0.000167
macbook,OMP_CPU2,1,8,1,20,500,500,5000,10,40.511485,40.510980,0.000213,0.000471,0.000111,0.000016
macbook,OMP_CPU2,2,8,1,20,500,500,5000,10,41.835200,41.834689,0.000291,0.000026,0.000197,0.000158
macbook,OMP_CPU2,3,8,1,20,500,500,5000,10,41.000870,41.000360,0.000201,0.000001,0.000106,0.000142
macbook,OMP_CPU2,4,8,1,20,500,500,5000,10,42.204490,42.204003,0.000300,0.000350,0.000202,0.000166
macbook,OMP_CPU2,0,16,1,20,500,500,50,10,0.763447,0.763434,0.000002,0.000000,0.000067,0.000025
macbook,OMP_CPU2,1,16,1,20,500,500,50,10,0.764335,0.764324,0.000003,0.000001,0.000010,0.000027
macbook,OMP_CPU2,2,16,1,20,500,500,50,10,0.761727,0.761717,0.000003,0.000001,0.000040,0.000023
macbook,OMP_CPU2,3,16,1,20,500,500,50,10,0.762744,0.762734,0.000003,0.000001,0.000003,0.000034
macbook,OMP_CPU2,4,16,1,20,500,500,50,10,0.765694,0.765682,0.000002,0.000000,0.000002,0.000026
macbook,OMP_CPU2,0,16,1,20,500,500,1,10,0.232717,0.232710,0.000002,0.000000,0.000001,0.000024
macbook,OMP_CPU2,1,16,1,20,500,500,1,10,0.230664,0.230658,0.000002,0.000000,0.000001,0.000023
macbook,OMP_CPU2,2,16,1,20,500,500,1,10,0.236772,0.236765,0.000000,0.000002,0.000000,0.000028
macbook,OMP_CPU2,3,16,1,20,500,500,1,10,0.228614,0.228607,0.000001,0.000002,0.000000,0.000034
macbook,OMP_CPU2,4,16,1,20,500,500,1,10,0.235357,0.235350,0.000002,0.000000,0.000001,0.000025
macbook,OMP_CPU2,0,16,1,20,500,500,100,10,1.235273,1.235260,0.000004,0.000004,0.000055,0.000024
macbook,OMP_CPU2,1,16,1,20,500,500,100,10,1.237875,1.237863,0.000004,0.000069,0.000097,0.000030
macbook,OMP_CPU2,2,16,1,20,500,500,100,10,1.242993,1.242980,0.000004,0.000034,0.000017,0.000028
macbook,OMP_CPU2,3,16,1,20,500,500,100,10,1.235058,1.235046,0.000005,0.000000,0.000004,0.000029
macbook,OMP_CPU2,4,16,1,20,500,500,100,10,1.228156,1.228145,0.000003,0.000000,0.000002,0.000025
macbook,OMP_CPU2,0,16,1,20,500,500,500,10,5.216486,5.216444,0.000020,0.000000,0.000022,0.000049
macbook,OMP_CPU2,1,16,1,20,500,500,500,10,5.197026,5.196967,0.000018,0.000762,0.000016,0.000043
macbook,OMP_CPU2,2,16,1,20,500,500,500,10,5.024403,5.024354,0.000023,0.000003,0.000016,0.000038
macbook,OMP_CPU2,3,16,1,20,500,500,500,10,4.966202,4.966154,0.000021,0.000017,0.000021,0.000033
macbook,OMP_CPU2,4,16,1,20,500,500,500,10,5.182669,5.182616,0.000019,0.000129,0.000016,0.000036
macbook,OMP_CPU2,0,16,1,20,500,500,1000,10,10.240169,10.239999,0.000041,0.000884,0.000257,0.000037
macbook,OMP_CPU2,1,16,1,20,500,500,1000,10,10.177287,10.177151,0.000053,0.000286,0.000045,0.000037
macbook,OMP_CPU2,2,16,1,20,500,500,1000,10,10.124371,10.124193,0.000043,0.000305,0.000749,0.000038
macbook,OMP_CPU2,3,16,1,20,500,500,1000,10,10.149365,10.149214,0.000035,0.000001,0.000025,0.000037
macbook,OMP_CPU2,4,16,1,20,500,500,1000,10,10.153424,10.153285,0.000064,0.000162,0.000042,0.000042
macbook,OMP_CPU2,0,16,1,20,500,500,5000,10,42.209618,42.209101,0.000297,0.000885,0.000191,0.000205
macbook,OMP_CPU2,1,16,1,20,500,500,5000,10,41.969227,41.968732,0.000304,0.000001,0.000203,0.000050
macbook,OMP_CPU2,2,16,1,20,500,500,5000,10,41.985337,41.984826,0.000249,0.000957,0.000125,0.000035
macbook,OMP_CPU2,3,16,1,20,500,500,5000,10,42.227404,42.226868,0.000225,0.002049,0.000140,0.000044
macbook,OMP_CPU2,4,16,1,20,500,500,5000,10,42.008770,42.008262,0.000264,0.000116,0.000127,0.000156
macbook,OMP_CPU2,0,32,1,20,500,500,50,10,0.817475,0.817455,0.000003,0.000001,0.000023,0.000055
macbook,OMP_CPU2,1,32,1,20,500,500,50,10,0.814158,0.814146,0.000003,0.000001,0.000009,0.000051
macbook,OMP_CPU2,2,32,1,20,500,500,50,10,0.815958,0.815945,0.000002,0.000002,0.000006,0.000051
macbook,OMP_CPU2,3,32,1,20,500,500,50,10,0.827654,0.827639,0.000003,0.000000,0.000005,0.000054
macbook,OMP_CPU2,4,32,1,20,500,500,50,10,0.819489,0.819476,0.000003,0.000000,0.000008,0.000054
macbook,OMP_CPU2,0,32,1,20,500,500,1,10,0.286608,0.286597,0.000001,0.000001,0.000001,0.000053
macbook,OMP_CPU2,1,32,1,20,500,500,1,10,0.285447,0.285436,0.000000,0.000000,0.000001,0.000052
macbook,OMP_CPU2,2,32,1,20,500,500,1,10,0.284354,0.284344,0.000001,0.000001,0.000001,0.000053
macbook,OMP_CPU2,3,32,1,20,500,500,1,10,0.298570,0.298559,0.000001,0.000001,0.000000,0.000055
macbook,OMP_CPU2,4,32,1,20,500,500,1,10,0.287209,0.287198,0.000001,0.000001,0.000001,0.000052
macbook,OMP_CPU2,0,32,1,20,500,500,100,10,1.293964,1.293944,0.000004,0.000197,0.000047,0.000056
macbook,OMP_CPU2,1,32,1,20,500,500,100,10,1.296564,1.296548,0.000004,0.000100,0.000059,0.000055
macbook,OMP_CPU2,2,32,1,20,500,500,100,10,1.299301,1.299285,0.000004,0.000030,0.000021,0.000058
macbook,OMP_CPU2,3,32,1,20,500,500,100,10,1.298792,1.298776,0.000004,0.000043,0.000045,0.000052
macbook,OMP_CPU2,4,32,1,20,500,500,100,10,1.303011,1.302996,0.000004,0.000003,0.000049,0.000050
macbook,OMP_CPU2,0,32,1,20,500,500,500,10,5.209254,5.209206,0.000022,0.000005,0.000021,0.000061
macbook,OMP_CPU2,1,32,1,20,500,500,500,10,5.062466,5.062403,0.000018,0.000197,0.000018,0.000067
macbook,OMP_CPU2,2,32,1,20,500,500,500,10,5.201140,5.201080,0.000017,0.000000,0.000014,0.000066
macbook,OMP_CPU2,3,32,1,20,500,500,500,10,5.161304,5.161242,0.000022,0.000001,0.000023,0.000062
macbook,OMP_CPU2,4,32,1,20,500,500,500,10,5.346313,5.346256,0.000022,0.000000,0.000025,0.000085
macbook,OMP_CPU2,0,32,1,20,500,500,1000,10,10.092638,10.092460,0.000047,0.000001,0.000739,0.000075
macbook,OMP_CPU2,1,32,1,20,500,500,1000,10,10.147580,10.147398,0.000048,0.001664,0.000036,0.000070
macbook,OMP_CPU2,2,32,1,20,500,500,1000,10,10.270192,10.270027,0.000042,0.000000,0.000027,0.000067
macbook,OMP_CPU2,3,32,1,20,500,500,1000,10,10.194263,10.194063,0.000045,0.000197,0.000211,0.000088
macbook,OMP_CPU2,4,32,1,20,500,500,1000,10,10.244707,10.244504,0.000051,0.000739,0.000054,0.000075
macbook,OMP_CPU2,0,32,1,20,500,500,5000,10,43.230258,43.229729,0.000254,0.004429,0.000118,0.000235
macbook,OMP_CPU2,1,32,1,20,500,500,5000,10,42.850053,42.849506,0.000244,0.005151,0.000195,0.000072
macbook,OMP_CPU2,2,32,1,20,500,500,5000,10,42.694219,42.693674,0.000239,0.004605,0.000124,0.000104
macbook,OMP_CPU2,3,32,1,20,500,500,5000,10,43.117605,43.117045,0.000193,0.002466,0.000154,0.000078
macbook,OMP_CPU2,4,32,1,20,500,500,5000,10,43.035486,43.034951,0.000224,0.002810,0.000123,0.000076
macbook,OMP_CPU2,0,2,1,20,500,500,50,10,0.426652,0.426644,0.000002,0.000001,0.000002,0.000002
macbook,OMP_CPU2,1,2,1,20,500,500,50,10,0.432570,0.432564,0.000002,0.000001,0.000002,0.000002
macbook,OMP_CPU2,2,2,1,20,500,500,50,10,0.424509,0.424503,0.000002,0.000001,0.000002,0.000002
macbook,OMP_CPU2,3,2,1,20,500,500,50,10,0.426660,0.426654,0.000003,0.000000,0.000002,0.000002
macbook,OMP_CPU2,4,2,1,20,500,500,50,10,0.429513,0.429502,0.000002,0.000001,0.000002,0.000002
macbook,OMP_CPU2,0,2,1,20,500,500,50,1,0.343217,0.343209,0.000002,0.000001,0.000001,0.000002
macbook,OMP_CPU2,1,2,1,20,500,500,50,1,0.342388,0.342379,0.000002,0.000001,0.000001,0.000002
macbook,OMP_CPU2,2,2,1,20,500,500,50,1,0.338210,0.338205,0.000002,0.000001,0.000001,0.000002
macbook,OMP_CPU2,3,2,1,20,500,500,50,1,0.343511,0.343503,0.000002,0.000001,0.000001,0.000002
macbook,OMP_CPU2,4,2,1,20,500,500,50,1,0.343897,0.343891,0.000003,0.000001,0.000001,0.000002
macbook,OMP_CPU2,0,2,1,20,500,500,50,50,0.878825,0.878817,0.000004,0.000002,0.000002,0.000001
macbook,OMP_CPU2,1,2,1,20,500,500,50,50,0.872333,0.872320,0.000004,0.000001,0.000002,0.000002
macbook,OMP_CPU2,2,2,1,20,500,500,50,50,0.878500,0.878489,0.000005,0.000001,0.000002,0.000002
macbook,OMP_CPU2,3,2,1,20,500,500,50,50,0.875038,0.875030,0.000004,0.000001,0.000002,0.000002
macbook,OMP_CPU2,4,2,1,20,500,500,50,50,0.873226,0.873218,0.000004,0.000002,0.000002,0.000002
macbook,OMP_CPU2,0,2,1,20,500,500,50,100,1.361170,1.361157,0.000006,0.000004,0.000003,0.000003
macbook,OMP_CPU2,1,2,1,20,500,500,50,100,1.366783,1.366769,0.000006,0.000002,0.000004,0.000003
macbook,OMP_CPU2,2,2,1,20,500,500,50,100,1.362575,1.362547,0.000006,0.000004,0.000003,0.000003
macbook,OMP_CPU2,3,2,1,20,500,500,50,100,1.360974,1.360961,0.000006,0.000002,0.000004,0.000002
macbook,OMP_CPU2,4,2,1,20,500,500,50,100,1.369386,1.369366,0.000006,0.000002,0.000004,0.000003
macbook,OMP_CPU2,0,2,1,20,500,500,50,500,5.395895,5.395827,0.000022,0.000011,0.000011,0.000014
macbook,OMP_CPU2,1,2,1,20,500,500,50,500,5.940175,5.940132,0.000022,0.000010,0.000012,0.000014
macbook,OMP_CPU2,2,2,1,20,500,500,50,500,5.803098,5.803051,0.000022,0.000010,0.000012,0.000014
macbook,OMP_CPU2,3,2,1,20,500,500,50,500,5.797659,5.797616,0.000025,0.000011,0.000014,0.000016
macbook,OMP_CPU2,4,2,1,20,500,500,50,500,5.823812,5.823751,0.000026,0.000012,0.000013,0.000014
macbook,OMP_CPU2,0,2,1,20,500,500,50,1000,11.353257,11.353147,0.000044,0.000041,0.000019,0.000027
macbook,OMP_CPU2,1,2,1,20,500,500,50,1000,11.209227,11.209060,0.000049,0.000031,0.000024,0.000032
macbook,OMP_CPU2,2,2,1,20,500,500,50,1000,10.893917,10.893808,0.000044,0.000041,0.000020,0.000027
macbook,OMP_CPU2,3,2,1,20,500,500,50,1000,11.233182,11.233080,0.000049,0.000023,0.000025,0.000033
macbook,OMP_CPU2,4,2,1,20,500,500,50,1000,10.827723,10.827622,0.000044,0.000020,0.000022,0.000028
macbook,OMP_CPU2,0,2,1,20,500,500,50,5000,52.563417,52.562884,0.000205,0.000100,0.000096,0.000146
macbook,OMP_CPU2,1,2,1,20,500,500,50,5000,54.906868,54.906287,0.000203,0.000100,0.000096,0.000146
macbook,OMP_CPU2,2,2,1,20,500,500,50,5000,52.654279,52.653874,0.000232,0.000113,0.000109,0.000147
macbook,OMP_CPU2,3,2,1,20,500,500,50,5000,51.999597,51.999217,0.000205,0.000099,0.000096,0.000146
macbook,OMP_CPU2,4,2,1,20,500,500,50,5000,52.242074,52.241547,0.000207,0.000099,0.000096,0.000146
macbook,OMP_CPU2,0,4,1,20,500,500,50,10,0.540116,0.540108,0.000003,0.000005,0.000003,0.000002
macbook,OMP_CPU2,1,4,1,20,500,500,50,10,0.543899,0.543891,0.000004,0.000000,0.000004,0.000002
macbook,OMP_CPU2,2,4,1,20,500,500,50,10,0.534364,0.534357,0.000003,0.000004,0.000002,0.000002
macbook,OMP_CPU2,3,4,1,20,500,500,50,10,0.539843,0.539835,0.000003,0.000001,0.000002,0.000002
macbook,OMP_CPU2,4,4,1,20,500,500,50,10,0.532854,0.532847,0.000003,0.000004,0.000003,0.000002
macbook,OMP_CPU2,0,4,1,20,500,500,50,1,0.543130,0.543124,0.000003,0.000002,0.000004,0.000003
macbook,OMP_CPU2,1,4,1,20,500,500,50,1,0.574260,0.574253,0.000003,0.000002,0.000006,0.000003
macbook,OMP_CPU2,2,4,1,20,500,500,50,1,0.524159,0.524152,0.000003,0.000001,0.000002,0.000003
macbook,OMP_CPU2,3,4,1,20,500,500,50,1,0.514893,0.514886,0.000003,0.000000,0.000004,0.000002
macbook,OMP_CPU2,4,4,1,20,500,500,50,1,0.457581,0.457576,0.000002,0.000002,0.000005,0.000003
macbook,OMP_CPU2,0,4,1,20,500,500,50,50,1.001865,1.001854,0.000006,0.000004,0.000009,0.000002
macbook,OMP_CPU2,1,4,1,20,500,500,50,50,0.994550,0.994535,0.000006,0.000004,0.000003,0.000003
macbook,OMP_CPU2,2,4,1,20,500,500,50,50,1.002317,1.002307,0.000007,0.000010,0.000003,0.000002
macbook,OMP_CPU2,3,4,1,20,500,500,50,50,0.938528,0.938517,0.000007,0.000011,0.000008,0.000003
macbook,OMP_CPU2,4,4,1,20,500,500,50,50,0.982893,0.982883,0.000006,0.000009,0.000003,0.000003
macbook,OMP_CPU2,0,4,1,20,500,500,50,100,1.506360,1.506338,0.000010,0.000009,0.000010,0.000004
macbook,OMP_CPU2,1,4,1,20,500,500,50,100,1.584320,1.584305,0.000011,0.000012,0.000008,0.000005
macbook,OMP_CPU2,2,4,1,20,500,500,50,100,1.563644,1.563629,0.000011,0.000015,0.000008,0.000005
macbook,OMP_CPU2,3,4,1,20,500,500,50,100,1.523029,1.523014,0.000010,0.000007,0.000005,0.000003
macbook,OMP_CPU2,4,4,1,20,500,500,50,100,1.505321,1.505303,0.000009,0.000012,0.000005,0.000004
macbook,OMP_CPU2,0,4,1,20,500,500,50,500,6.136853,6.136801,0.000037,0.000069,0.000015,0.000019
macbook,OMP_CPU2,1,4,1,20,500,500,50,500,6.092590,6.092538,0.000036,0.000015,0.000019,0.000019
macbook,OMP_CPU2,2,4,1,20,500,500,50,500,6.141212,6.141161,0.000036,0.000014,0.000019,0.000018
macbook,OMP_CPU2,3,4,1,20,500,500,50,500,6.205418,6.205367,0.000041,0.000026,0.000037,0.000018
macbook,OMP_CPU2,4,4,1,20,500,500,50,500,6.183662,6.183610,0.000038,0.000045,0.000025,0.000016
macbook,OMP_CPU2,0,4,1,20,500,500,50,1000,11.892768,11.892635,0.000081,0.000104,0.000041,0.000042
macbook,OMP_CPU2,1,4,1,20,500,500,50,1000,11.810206,11.810076,0.000080,0.000142,0.000031,0.000042
macbook,OMP_CPU2,2,4,1,20,500,500,50,1000,11.784916,11.784784,0.000083,0.000102,0.000043,0.000045
macbook,OMP_CPU2,3,4,1,20,500,500,50,1000,11.791729,11.791604,0.000079,0.000071,0.000076,0.000043
macbook,OMP_CPU2,4,4,1,20,500,500,50,1000,11.757222,11.757100,0.000069,0.000064,0.000032,0.000043
macbook,OMP_CPU2,0,4,1,20,500,500,50,5000,59.636379,59.635758,0.000500,0.000313,0.000137,0.000182
macbook,OMP_CPU2,1,4,1,20,500,500,50,5000,54.830181,54.829704,0.000390,0.000702,0.000207,0.000217
macbook,OMP_CPU2,2,4,1,20,500,500,50,5000,55.602007,55.601358,0.000387,0.000512,0.000196,0.000159
macbook,OMP_CPU2,3,4,1,20,500,500,50,5000,54.987488,54.986871,0.000349,0.000442,0.000183,0.000170
macbook,OMP_CPU2,4,4,1,20,500,500,50,5000,54.926232,54.925537,0.000387,0.000714,0.000148,0.000219
macbook,OMP_CPU2,0,8,1,20,500,500,50,10,0.832518,0.832508,0.000003,0.000008,0.000007,0.000015
macbook,OMP_CPU2,1,8,1,20,500,500,50,10,0.835811,0.835800,0.000004,0.000000,0.000005,0.000013
macbook,OMP_CPU2,2,8,1,20,500,500,50,10,0.784840,0.784830,0.000003,0.000002,0.000012,0.000011
macbook,OMP_CPU2,3,8,1,20,500,500,50,10,0.880130,0.880119,0.000003,0.000007,0.000004,0.000018
macbook,OMP_CPU2,4,8,1,20,500,500,50,10,0.772795,0.772785,0.000003,0.000001,0.000006,0.000013
macbook,OMP_CPU2,0,8,1,20,500,500,50,1,0.715418,0.715410,0.000002,0.000002,0.000006,0.000019
macbook,OMP_CPU2,1,8,1,20,500,500,50,1,0.731864,0.731856,0.000003,0.000000,0.000002,0.000014
macbook,OMP_CPU2,2,8,1,20,500,500,50,1,0.671723,0.671716,0.000003,0.000005,0.000008,0.000014
macbook,OMP_CPU2,3,8,1,20,500,500,50,1,0.748137,0.748130,0.000003,0.000006,0.000006,0.000023
macbook,OMP_CPU2,4,8,1,20,500,500,50,1,0.712661,0.712653,0.000002,0.000000,0.000002,0.000017
macbook,OMP_CPU2,0,8,1,20,500,500,50,50,1.315614,1.315601,0.000005,0.000013,0.000047,0.000016
macbook,OMP_CPU2,1,8,1,20,500,500,50,50,1.262882,1.262869,0.000003,0.000002,0.000003,0.000011
macbook,OMP_CPU2,2,8,1,20,500,500,50,50,1.357867,1.357856,0.000006,0.000005,0.000026,0.000016
macbook,OMP_CPU2,3,8,1,20,500,500,50,50,1.315889,1.315877,0.000005,0.000002,0.000002,0.000016
macbook,OMP_CPU2,4,8,1,20,500,500,50,50,1.293699,1.293686,0.000005,0.000003,0.000004,0.000012
macbook,OMP_CPU2,0,8,1,20,500,500,50,100,1.961810,1.961793,0.000009,0.000008,0.000008,0.000015
macbook,OMP_CPU2,1,8,1,20,500,500,50,100,1.953741,1.953724,0.000006,0.000005,0.000009,0.000015
macbook,OMP_CPU2,2,8,1,20,500,500,50,100,1.942238,1.942220,0.000009,0.000008,0.000025,0.000015
macbook,OMP_CPU2,3,8,1,20,500,500,50,100,1.945567,1.945546,0.000009,0.000015,0.000015,0.000016
macbook,OMP_CPU2,4,8,1,20,500,500,50,100,1.969569,1.969551,0.000011,0.000017,0.000007,0.000023
macbook,OMP_CPU2,0,8,1,20,500,500,50,500,6.409983,6.409932,0.000021,0.000011,0.000010,0.000016
macbook,OMP_CPU2,1,8,1,20,500,500,50,500,6.584175,6.584122,0.000044,0.000034,0.000015,0.000019
macbook,OMP_CPU2,2,8,1,20,500,500,50,500,6.260265,6.260209,0.000024,0.000049,0.000042,0.000049
macbook,OMP_CPU2,3,8,1,20,500,500,50,500,6.247108,6.247053,0.000036,0.000020,0.000024,0.000011
macbook,OMP_CPU2,4,8,1,20,500,500,50,500,6.719510,6.719458,0.000022,0.000023,0.000028,0.000011
macbook,OMP_CPU2,0,8,1,20,500,500,50,1000,11.348696,11.348587,0.000067,0.000095,0.000241,0.000040
macbook,OMP_CPU2,1,8,1,20,500,500,50,1000,11.832788,11.832659,0.000056,0.000039,0.000022,0.000047
macbook,OMP_CPU2,2,8,1,20,500,500,50,1000,11.539945,11.539806,0.000049,0.000092,0.000113,0.000038
macbook,OMP_CPU2,3,8,1,20,500,500,50,1000,11.537289,11.537174,0.000040,0.000020,0.000018,0.000041
macbook,OMP_CPU2,4,8,1,20,500,500,50,1000,11.487178,11.487061,0.000076,0.000058,0.000157,0.000039
macbook,OMP_CPU2,0,8,1,20,500,500,50,5000,52.740730,52.740105,0.000320,0.000189,0.000130,0.000130
macbook,OMP_CPU2,1,8,1,20,500,500,50,5000,52.643421,52.642825,0.000254,0.000106,0.000564,0.000537
macbook,OMP_CPU2,2,8,1,20,500,500,50,5000,52.533417,52.532673,0.000323,0.000312,0.000192,0.000013
macbook,OMP_CPU2,3,8,1,20,500,500,50,5000,52.293669,52.293026,0.000344,0.000173,0.000176,0.000040
macbook,OMP_CPU2,4,8,1,20,500,500,50,5000,52.593431,52.592953,0.000332,0.000229,0.000170,0.000185
macbook,OMP_CPU2,0,16,1,20,500,500,50,10,0.884875,0.884864,0.000003,0.000001,0.000002,0.000032
macbook,OMP_CPU2,1,16,1,20,500,500,50,10,0.782469,0.782458,0.000002,0.000001,0.000006,0.000025
macbook,OMP_CPU2,2,16,1,20,500,500,50,10,0.885138,0.885127,0.000003,0.000001,0.000012,0.000030
macbook,OMP_CPU2,3,16,1,20,500,500,50,10,0.816987,0.816975,0.000003,0.000004,0.000012,0.000023
macbook,OMP_CPU2,4,16,1,20,500,500,50,10,0.836155,0.836144,0.000003,0.000001,0.000005,0.000024
macbook,OMP_CPU2,0,16,1,20,500,500,50,1,0.728687,0.728678,0.000003,0.000001,0.000006,0.000035
macbook,OMP_CPU2,1,16,1,20,500,500,50,1,0.695735,0.695727,0.000002,0.000000,0.000046,0.000035
macbook,OMP_CPU2,2,16,1,20,500,500,50,1,0.678688,0.678679,0.000002,0.000005,0.000001,0.000028
macbook,OMP_CPU2,3,16,1,20,500,500,50,1,0.678073,0.678065,0.000002,0.000000,0.000001,0.000026
macbook,OMP_CPU2,4,16,1,20,500,500,50,1,0.694780,0.694772,0.000003,0.000002,0.000002,0.000027
macbook,OMP_CPU2,0,16,1,20,500,500,50,50,1.245946,1.245930,0.000006,0.000004,0.000066,0.000030
macbook,OMP_CPU2,1,16,1,20,500,500,50,50,1.260143,1.260126,0.000006,0.000005,0.000006,0.000027
macbook,OMP_CPU2,2,16,1,20,500,500,50,50,1.425775,1.425755,0.000007,0.000243,0.000039,0.000031
macbook,OMP_CPU2,3,16,1,20,500,500,50,50,1.413024,1.413006,0.000006,0.000005,0.000038,0.000040
macbook,OMP_CPU2,4,16,1,20,500,500,50,50,1.317454,1.317432,0.000006,0.000096,0.000006,0.000025
macbook,OMP_CPU2,0,16,1,20,500,500,50,100,1.917125,1.917100,0.000008,0.000006,0.000006,0.000027
macbook,OMP_CPU2,1,16,1,20,500,500,50,100,1.913790,1.913767,0.000008,0.000006,0.000007,0.000024
macbook,OMP_CPU2,2,16,1,20,500,500,50,100,1.913898,1.913875,0.000009,0.000006,0.000044,0.000025
macbook,OMP_CPU2,3,16,1,20,500,500,50,100,1.941416,1.941393,0.000009,0.000135,0.000044,0.000027
macbook,OMP_CPU2,4,16,1,20,500,500,50,100,1.948423,1.948399,0.000008,0.000007,0.000023,0.000031
macbook,OMP_CPU2,0,16,1,20,500,500,50,500,6.641402,6.641330,0.000033,0.000014,0.000018,0.000036
macbook,OMP_CPU2,1,16,1,20,500,500,50,500,6.463172,6.463098,0.000037,0.000165,0.000198,0.000033
macbook,OMP_CPU2,2,16,1,20,500,500,50,500,6.573132,6.573067,0.000035,0.000095,0.000052,0.000029
macbook,OMP_CPU2,3,16,1,20,500,500,50,500,6.628978,6.628914,0.000036,0.000141,0.000178,0.000030
macbook,OMP_CPU2,4,16,1,20,500,500,50,500,6.641230,6.641158,0.000040,0.000182,0.000198,0.000036
macbook,OMP_CPU2,0,16,1,20,500,500,50,1000,11.493234,11.493080,0.000057,0.000237,0.000739,0.000052
macbook,OMP_CPU2,1,16,1,20,500,500,50,1000,11.411417,11.411261,0.000065,0.000200,0.000305,0.000031
macbook,OMP_CPU2,2,16,1,20,500,500,50,1000,11.313973,11.313823,0.000045,0.000108,0.000178,0.000028
macbook,OMP_CPU2,3,16,1,20,500,500,50,1000,11.585245,11.585060,0.000065,0.000031,0.000313,0.000054
macbook,OMP_CPU2,4,16,1,20,500,500,50,1000,11.385835,11.385694,0.000072,0.000028,0.000489,0.000071
macbook,OMP_CPU2,0,16,1,20,500,500,50,5000,52.646343,52.645693,0.000293,0.002538,0.001191,0.000033
macbook,OMP_CPU2,1,16,1,20,500,500,50,5000,52.298418,52.297988,0.000386,0.001288,0.001089,0.000171
macbook,OMP_CPU2,2,16,1,20,500,500,50,5000,52.317781,52.317263,0.000591,0.001186,0.000922,0.000037
macbook,OMP_CPU2,3,16,1,20,500,500,50,5000,52.180276,52.179739,0.000202,0.000103,0.001866,0.000033
macbook,OMP_CPU2,4,16,1,20,500,500,50,5000,51.594476,51.593772,0.000331,0.000180,0.001445,0.000031
macbook,OMP_CPU2,0,32,1,20,500,500,50,10,0.836577,0.836563,0.000003,0.000011,0.000006,0.000054
macbook,OMP_CPU2,1,32,1,20,500,500,50,10,0.812616,0.812595,0.000003,0.000000,0.000005,0.000056
macbook,OMP_CPU2,2,32,1,20,500,500,50,10,0.835122,0.835109,0.000002,0.000001,0.000003,0.000053
macbook,OMP_CPU2,3,32,1,20,500,500,50,10,0.820697,0.820684,0.000003,0.000001,0.000010,0.000056
macbook,OMP_CPU2,4,32,1,20,500,500,50,10,0.821891,0.821878,0.000002,0.000002,0.000003,0.000052
macbook,OMP_CPU2,0,32,1,20,500,500,50,1,0.745895,0.745883,0.000003,0.000001,0.000005,0.000054
macbook,OMP_CPU2,1,32,1,20,500,500,50,1,0.737385,0.737372,0.000002,0.000001,0.000026,0.000057
macbook,OMP_CPU2,2,32,1,20,500,500,50,1,0.745428,0.745417,0.000002,0.000041,0.000002,0.000060
macbook,OMP_CPU2,3,32,1,20,500,500,50,1,0.741170,0.741155,0.000002,0.000000,0.000002,0.000054
macbook,OMP_CPU2,4,32,1,20,500,500,50,1,0.745540,0.745528,0.000003,0.000032,0.000004,0.000054
macbook,OMP_CPU2,0,32,1,20,500,500,50,50,1.297405,1.297386,0.000006,0.000020,0.000003,0.000056
macbook,OMP_CPU2,1,32,1,20,500,500,50,50,1.323597,1.323578,0.000005,0.000017,0.000028,0.000059
macbook,OMP_CPU2,2,32,1,20,500,500,50,50,1.321341,1.321317,0.000005,0.000032,0.000010,0.000056
macbook,OMP_CPU2,3,32,1,20,500,500,50,50,1.397402,1.397381,0.000005,0.000005,0.000012,0.000054
macbook,OMP_CPU2,4,32,1,20,500,500,50,50,1.569467,1.569444,0.000006,0.000007,0.000028,0.000063
macbook,OMP_CPU2,0,32,1,20,500,500,50,100,2.184413,2.184380,0.000009,0.000005,0.000523,0.000059
macbook,OMP_CPU2,1,32,1,20,500,500,50,100,2.005835,2.005808,0.000010,0.000007,0.000080,0.000062
macbook,OMP_CPU2,2,32,1,20,500,500,50,100,2.002221,2.002190,0.000010,0.000248,0.000218,0.000063
macbook,OMP_CPU2,3,32,1,20,500,500,50,100,2.011550,2.011524,0.000010,0.000123,0.000141,0.000060
macbook,OMP_CPU2,4,32,1,20,500,500,50,100,1.993685,1.993658,0.000007,0.000070,0.000077,0.000065
macbook,OMP_CPU2,0,32,1,20,500,500,50,500,6.357979,6.357890,0.000025,0.000381,0.000338,0.000059
macbook,OMP_CPU2,1,32,1,20,500,500,50,500,6.410840,6.410733,0.000034,0.000018,0.000015,0.000052
macbook,OMP_CPU2,2,32,1,20,500,500,50,500,6.245954,6.245863,0.000033,0.000476,0.000401,0.000060
macbook,OMP_CPU2,3,32,1,20,500,500,50,500,6.569330,6.569242,0.000035,0.000378,0.000359,0.000055
macbook,OMP_CPU2,4,32,1,20,500,500,50,500,6.166476,6.166392,0.000035,0.000818,0.000013,0.000064
macbook,OMP_CPU2,0,32,1,20,500,500,50,1000,11.339008,11.338822,0.000067,0.001369,0.000606,0.000080
macbook,OMP_CPU2,1,32,1,20,500,500,50,1000,11.386443,11.386250,0.000070,0.001308,0.001275,0.000073
macbook,OMP_CPU2,2,32,1,20,500,500,50,1000,11.386969,11.386771,0.000047,0.000023,0.000816,0.000099
macbook,OMP_CPU2,3,32,1,20,500,500,50,1000,11.374127,11.373940,0.000077,0.000621,0.000030,0.000091
macbook,OMP_CPU2,4,32,1,20,500,500,50,1000,11.332400,11.332212,0.000070,0.000770,0.000787,0.000062
macbook,OMP_CPU2,0,32,1,20,500,500,50,5000,51.097773,51.097088,0.000341,0.003069,0.003271,0.000221
macbook,OMP_CPU2,1,32,1,20,500,500,50,5000,50.601963,50.601241,0.000348,0.000118,0.007089,0.000203
macbook,OMP_CPU2,2,32,1,20,500,500,50,5000,51.221632,51.220861,0.000331,0.000190,0.003774,0.000080
macbook,OMP_CPU2,3,32,1,20,500,500,50,5000,50.497511,50.496832,0.000246,0.000105,0.006338,0.000067
macbook,OMP_CPU2,4,32,1,20,500,500,50,5000,51.062745,51.061967,0.000345,0.000179,0.003055,0.000089